-- phpMyAdmin SQL Dump
-- version 4.8.3
-- https://www.phpmyadmin.net/
--
-- Host: localhost:3306
-- Generation Time: May 24, 2019 at 12:11 AM
-- Server version: 5.6.43-cll-lve
-- PHP Version: 7.2.7

SET SQL_MODE = "NO_AUTO_VALUE_ON_ZERO";
SET AUTOCOMMIT = 0;
START TRANSACTION;
SET time_zone = "+00:00";


/*!40101 SET @OLD_CHARACTER_SET_CLIENT=@@CHARACTER_SET_CLIENT */;
/*!40101 SET @OLD_CHARACTER_SET_RESULTS=@@CHARACTER_SET_RESULTS */;
/*!40101 SET @OLD_COLLATION_CONNECTION=@@COLLATION_CONNECTION */;
/*!40101 SET NAMES utf8mb4 */;

--
-- Database: `roottilDb171014`
--

-- --------------------------------------------------------

--
-- Table structure for table `chat`
--

CREATE TABLE `chat` (
  `id` int(10) UNSIGNED NOT NULL,
  `from` varchar(255) NOT NULL DEFAULT '',
  `to` varchar(255) NOT NULL DEFAULT '',
  `message` text NOT NULL,
  `sent` datetime NOT NULL DEFAULT '0000-00-00 00:00:00',
  `recd` int(10) UNSIGNED NOT NULL DEFAULT '0'
) ENGINE=InnoDB DEFAULT CHARSET=latin1;

-- --------------------------------------------------------

--
-- Table structure for table `ci_sessions`
--

CREATE TABLE `ci_sessions` (
  `session_id` varchar(40) NOT NULL DEFAULT '0',
  `ip_address` varchar(45) NOT NULL DEFAULT '0',
  `user_agent` varchar(120) NOT NULL,
  `last_activity` int(10) UNSIGNED NOT NULL DEFAULT '0',
  `user_data` text NOT NULL
) ENGINE=InnoDB DEFAULT CHARSET=latin1;

-- --------------------------------------------------------

--
-- Table structure for table `roottildb_admin_login`
--

CREATE TABLE `roottildb_admin_login` (
  `admin_login_id` int(11) NOT NULL,
  `admin_login_username` varchar(50) NOT NULL,
  `admin_login_password` varchar(50) NOT NULL COMMENT 'admin321'
) ENGINE=InnoDB DEFAULT CHARSET=latin1;

--
-- Dumping data for table `roottildb_admin_login`
--

INSERT INTO `roottildb_admin_login` (`admin_login_id`, `admin_login_username`, `admin_login_password`) VALUES
(1, 'admin', '4acb4bc224acbbe3c2bfdcaa39a4324e');

-- --------------------------------------------------------

--
-- Table structure for table `roottildb_albums`
--

CREATE TABLE `roottildb_albums` (
  `albums_id` int(11) NOT NULL,
  `user_id` int(11) DEFAULT NULL,
  `albums_name` varchar(100) DEFAULT NULL,
  `albums_desc` text,
  `albums_status` varchar(3) DEFAULT NULL,
  `albums_crtd_date` timestamp NOT NULL DEFAULT CURRENT_TIMESTAMP ON UPDATE CURRENT_TIMESTAMP
) ENGINE=InnoDB DEFAULT CHARSET=latin1;

--
-- Dumping data for table `roottildb_albums`
--

INSERT INTO `roottildb_albums` (`albums_id`, `user_id`, `albums_name`, `albums_desc`, `albums_status`, `albums_crtd_date`) VALUES
(1, 155, 'photos', '', 'A', '2016-10-04 07:49:39'),
(2, 155, 'gallery', '', 'A', '2016-10-04 10:13:59'),
(3, 41, 'sports', 'sad', 'A', '2016-10-05 12:57:29'),
(4, 41, 'educate', 'all', 'A', '2016-10-05 13:01:36'),
(6, 278, 'jins', 'jins', 'A', '2016-11-03 08:41:42'),
(7, 283, 'lll', '', 'A', '2016-11-07 05:46:16'),
(8, 287, 'test', 'test', 'A', '2016-11-17 18:34:18'),
(9, 290, 'hacks', '', 'A', '2016-12-01 08:58:16'),
(10, 290, 'hacks', '', 'A', '2016-12-01 08:58:16'),
(11, 313, 'ds', 'sdg', 'A', '2016-12-29 15:09:45'),
(12, 313, '', '', 'A', '2016-12-29 15:13:51'),
(13, 322, 'Wedding Pics', '', 'A', '2017-07-20 06:43:41'),
(14, 350, 'Sample', 'Sample', 'A', '2017-12-13 06:23:20');

-- --------------------------------------------------------

--
-- Table structure for table `roottildb_cities`
--

CREATE TABLE `roottildb_cities` (
  `city_id` int(11) NOT NULL,
  `state_id` varchar(100) DEFAULT NULL,
  `country_id` varchar(100) DEFAULT NULL,
  `city_name` varchar(50) DEFAULT NULL
) ENGINE=InnoDB DEFAULT CHARSET=latin1;

--
-- Dumping data for table `roottildb_cities`
--

INSERT INTO `roottildb_cities` (`city_id`, `state_id`, `country_id`, `city_name`) VALUES
(5, '5', '1', 'Anantapur'),
(6, '5', '1', 'Chittoor'),
(7, '5', '1', 'East Godavari'),
(8, '5', '1', 'Guntur'),
(9, '5', '1', 'Kadapa'),
(10, '5', '1', 'Krishna'),
(11, '5', '1', 'Kurnool'),
(12, '5', '1', 'Prakasam'),
(13, '5', '1', 'Nellore'),
(14, '5', '1', 'Srikakulam'),
(15, '5', '1', 'Visakhapatnam'),
(16, '5', '1', 'Vizianagaram'),
(17, '5', '1', 'West Godavari'),
(18, 'Kerala', 'India', 'Thiruvananthapuram'),
(19, 'Kerala', 'India', 'Kollam'),
(20, 'Kerala', 'India', 'Pathanamthitta'),
(21, 'Kerala', 'India', 'Alapuzha'),
(22, 'Kerala', 'India', 'Kottayam'),
(23, 'Kerala', 'India', 'Idukki'),
(24, 'Kerala', 'India', 'Ernakulam'),
(25, 'Kerala', 'India', 'Thrissur'),
(26, 'Kerala', 'India', 'Palakkad'),
(27, 'Kerala', 'India', 'Malappuram'),
(28, 'Kerala', 'India', 'Kozhikkode'),
(29, 'Kerala', 'India', 'Wayanad'),
(30, 'Kerala', 'India', 'Kannur'),
(31, 'Kerala', 'India', 'Kasaragod'),
(32, 'Tamil Nadu', 'India', 'Ariyalur'),
(33, 'Tamil Nadu', 'India', 'Chennai'),
(34, 'Tamil Nadu', 'India', 'Coimbatore'),
(35, 'Tamil Nadu', 'India', 'Cuddalore'),
(36, 'Tamil Nadu', 'India', 'Dharmapuri'),
(37, 'Tamil Nadu', 'India', 'Dindigul'),
(38, 'Tamil Nadu', 'India', 'Erode'),
(39, 'Tamil Nadu', 'India', 'Kanchipuram'),
(40, 'Tamil Nadu', 'India', 'Kanyakumari'),
(41, 'Tamil Nadu', 'India', 'Karur'),
(42, 'Tamil Nadu', 'India', 'Krishnagiri'),
(43, 'Tamil Nadu', 'India', 'Madurai'),
(44, 'Tamil Nadu', 'India', 'Nagapattinam'),
(45, 'Tamil Nadu', 'India', 'Namakkal'),
(46, 'Tamil Nadu', 'India', 'The Nilgiris'),
(47, 'Tamil Nadu', 'India', 'Perambalur'),
(48, 'Tamil Nadu', 'India', 'Pudukkottai'),
(49, 'Tamil Nadu', 'India', 'Ramanathapuram'),
(50, 'Tamil Nadu', 'India', 'Salem'),
(51, 'Tamil Nadu', 'India', 'Sivaganga'),
(52, 'Tamil Nadu', 'India', 'Thanjavur'),
(53, 'Tamil Nadu', 'India', 'Theni'),
(54, 'Tamil Nadu', 'India', 'Thoothukudi'),
(55, 'Tamil Nadu', 'India', 'Tiruchirappalli'),
(56, 'Tamil Nadu', 'India', 'Tirunelveli'),
(57, 'Tamil Nadu', 'India', 'Tiruppur'),
(58, 'Tamil Nadu', 'India', 'Tiruvallur'),
(59, 'Tamil Nadu', 'India', 'Tiruvannamalai'),
(60, 'Tamil Nadu', 'India', 'Tiruvarur'),
(61, 'Tamil Nadu', 'India', 'Vellore'),
(62, 'Tamil Nadu', 'India', 'Viluppuram'),
(63, 'Tamil Nadu', 'India', 'Virudhunagar');

-- --------------------------------------------------------

--
-- Table structure for table `roottildb_comment`
--

CREATE TABLE `roottildb_comment` (
  `roottilDb_comment_id` int(11) NOT NULL,
  `roottilDb_user_id` int(11) DEFAULT NULL,
  `roottilDb_comment_cat` varchar(5) DEFAULT NULL,
  `roottilDb_comment_details` varchar(1000) CHARACTER SET utf8 COLLATE utf8_unicode_ci DEFAULT NULL,
  `roottilDb_post_id` int(11) DEFAULT NULL,
  `roottilDb_comment_date` timestamp NOT NULL DEFAULT CURRENT_TIMESTAMP,
  `roottilDb_comment_status` varchar(10) DEFAULT NULL
) ENGINE=InnoDB DEFAULT CHARSET=latin1;

--
-- Dumping data for table `roottildb_comment`
--

INSERT INTO `roottildb_comment` (`roottilDb_comment_id`, `roottilDb_user_id`, `roottilDb_comment_cat`, `roottilDb_comment_details`, `roottilDb_post_id`, `roottilDb_comment_date`, `roottilDb_comment_status`) VALUES
(1, 1, 'F', 'Yoga always gud for health', 10, '2016-09-26 23:02:07', 'A'),
(2, 22, 'F', '', 2, '2016-09-29 17:41:11', 'A'),
(3, 248, 'F', 'My saree', 13, '2016-10-18 19:23:23', 'A'),
(4, 248, 'F', 'Hello', 13, '2016-10-18 19:23:31', 'A'),
(5, 322, 'F', 'hii', 14, '2017-07-20 19:22:25', 'A'),
(6, 350, 'P', '', 8, '2017-12-13 18:49:03', 'A');

-- --------------------------------------------------------

--
-- Table structure for table `roottildb_coverfotos`
--

CREATE TABLE `roottildb_coverfotos` (
  `coverfotos_id` int(11) NOT NULL,
  `coverfotos_img` varchar(750) DEFAULT NULL,
  `user_id` int(11) DEFAULT NULL,
  `coverfotos_status` varchar(5) DEFAULT 'A' COMMENT 'A=''active'', P=''previous'',D=''deleted''',
  `coverfotos_created_date` timestamp NOT NULL DEFAULT CURRENT_TIMESTAMP ON UPDATE CURRENT_TIMESTAMP
) ENGINE=InnoDB DEFAULT CHARSET=latin1;

--
-- Dumping data for table `roottildb_coverfotos`
--

INSERT INTO `roottildb_coverfotos` (`coverfotos_id`, `coverfotos_img`, `user_id`, `coverfotos_status`, `coverfotos_created_date`) VALUES
(1, '20150610_131353_-_Copy.jpg', 41, 'A', '2016-09-27 00:13:23'),
(2, '', 41, 'A', '2016-09-27 02:05:41'),
(3, 'img/cover_fotos/53/map.png', 53, 'A', '2016-09-27 17:43:25'),
(4, 'img/cover_fotos/53/partner2.png', 53, 'A', '2016-09-27 17:56:31'),
(5, 'img/cover_fotos/53/ad_feature.jpg', 53, 'A', '2016-09-27 17:57:35'),
(6, 'img/cover_fotos/41/20150610_131353_-_Copy.jpg', 41, 'A', '2016-09-27 21:27:32'),
(7, 'img/cover_fotos/1/partner1.png', 1, 'A', '2016-09-28 02:13:10'),
(8, 'img/cover_fotos/147/ad_12.jpg', 147, 'A', '2016-10-03 18:02:58'),
(9, 'img/cover_fotos/147/ad_13.jpg', 147, 'A', '2016-10-03 18:03:57'),
(10, 'img/cover_fotos/147/ad_6.jpg', 147, 'A', '2016-10-03 18:14:09'),
(11, 'img/cover_fotos/147/ad_61.jpg', 147, 'A', '2016-10-03 18:14:24'),
(12, 'img/cover_fotos/147/ad_121.jpg', 147, 'A', '2016-10-03 18:14:45'),
(13, 'img/cover_fotos/147/ad_bot.jpg', 147, 'A', '2016-10-03 18:14:58'),
(14, 'img/cover_fotos/147/ad_62.jpg', 147, 'A', '2016-10-03 18:15:10'),
(15, 'img/cover_fotos/147/holmes.jpg', 147, 'A', '2016-10-03 23:22:26'),
(16, 'img/cover_fotos/147/ad_1.jpg', 147, 'A', '2016-10-04 00:29:53'),
(17, 'img/cover_fotos/155/Desert.jpg', 155, 'A', '2016-10-04 20:24:50'),
(18, 'img/cover_fotos/155/Tulips.jpg', 155, 'A', '2016-10-04 20:25:42'),
(19, 'img/cover_fotos/177/IMG_20161008_173841.jpg', 177, 'A', '2016-10-18 18:58:33'),
(20, '', 177, 'A', '2016-10-18 20:17:22'),
(21, 'img/cover_fotos/248/IMG-20161006-WA0000.jpg', 248, 'A', '2016-10-18 20:40:01'),
(22, 'img/cover_fotos/248/Aviary_Stock_Photo_3.png', 252, 'A', '2016-10-20 06:33:53'),
(23, 'img/cover_fotos/248/Aviary_Stock_Photo_31.png', 248, 'A', '2016-10-20 06:34:32'),
(24, 'img/cover_fotos/248/FB_IMG_1476156855960.jpg', 248, 'A', '2016-10-21 19:57:46'),
(25, 'img/cover_fotos/305/Koala.jpg', 305, 'A', '2016-12-21 19:27:15');

-- --------------------------------------------------------

--
-- Table structure for table `roottildb_events`
--

CREATE TABLE `roottildb_events` (
  `roottildb_events_id` int(11) NOT NULL,
  `roottildb_events_title` varchar(100) DEFAULT NULL,
  `roottildb_events_desc` varchar(250) CHARACTER SET utf8 COLLATE utf8_unicode_ci DEFAULT NULL,
  `roottildb_events_place` varchar(200) DEFAULT NULL,
  `roottildb_events_date` varchar(12) DEFAULT NULL,
  `roottildb_events_time` varchar(20) DEFAULT NULL,
  `roottildb_events_hostedby` int(11) DEFAULT NULL COMMENT 'hosted user'
) ENGINE=InnoDB DEFAULT CHARSET=latin1;

--
-- Dumping data for table `roottildb_events`
--

INSERT INTO `roottildb_events` (`roottildb_events_id`, `roottildb_events_title`, `roottildb_events_desc`, `roottildb_events_place`, `roottildb_events_date`, `roottildb_events_time`, `roottildb_events_hostedby`) VALUES
(1, 'deepavali celebration', 'deepavali going to celebrate at 29th oct in my home. my friends invited ', 'udumalpet', '29-10-2016', '6  am', 239),
(2, 'Birthday', 'Birthday', 'Trivandrum', '22-03-2017', '00', 305);

-- --------------------------------------------------------

--
-- Table structure for table `roottildb_familyposts`
--

CREATE TABLE `roottildb_familyposts` (
  `familypost_id` int(11) NOT NULL,
  `familypost_caption` varchar(100) DEFAULT NULL,
  `familypost_desc` text CHARACTER SET utf8 COLLATE utf8_unicode_ci,
  `familypost_img` varchar(750) DEFAULT NULL,
  `familypost_vdo` varchar(10200) DEFAULT NULL,
  `familypost_link` varchar(100) DEFAULT NULL,
  `familypost_status` varchar(2) DEFAULT NULL,
  `familypost_date` timestamp NOT NULL DEFAULT CURRENT_TIMESTAMP ON UPDATE CURRENT_TIMESTAMP,
  `family_id` int(11) DEFAULT NULL,
  `user_id` int(11) DEFAULT NULL,
  `em_notify` int(2) NOT NULL DEFAULT '0',
  `upvotes` int(4) NOT NULL DEFAULT '0',
  `downvotes` int(4) NOT NULL DEFAULT '0'
) ENGINE=InnoDB DEFAULT CHARSET=latin1;

--
-- Dumping data for table `roottildb_familyposts`
--

INSERT INTO `roottildb_familyposts` (`familypost_id`, `familypost_caption`, `familypost_desc`, `familypost_img`, `familypost_vdo`, `familypost_link`, `familypost_status`, `familypost_date`, `family_id`, `user_id`, `em_notify`, `upvotes`, `downvotes`) VALUES
(1, '', 'lOREM IPSUM http://leftclicknews.com/single_news.php?nid=7359http://leftclicknews.com/single_news.php?nid=7359http://leftclicknews.com/single_news.php?nid=7359', 'img/post_images/family/NEWS.jpg', '', '', 'A', '2016-09-26 20:17:58', 22, 22, 1, 0, 0),
(2, '', 'http://leftclicknews.com/single_news.php?nid=7359http://leftclicknews.com/single_news.php?nid=7359http://leftclicknews.com/single_news.php?nid=7359', 'img/post_images/family/889x250_1.jpg', '', '', 'A', '2016-09-26 20:19:39', 22, 22, 1, 0, 0),
(3, '', 'http://leftclicknews.com/single_news.php?nid=7359http://leftclicknews.com/single_news.php?nid=7359http://leftclicknews.com/single_news.php?nid=7359', 'img/post_images/family/889x250_11.jpg', '', '', 'A', '2016-09-26 20:19:39', 22, 22, 1, 0, 0),
(4, '', 'xdfafaf', 'img/post_images/family/Chrysanthemum.jpg', '', '', 'A', '2016-09-26 21:48:21', 41, 41, 1, 0, 0),
(5, '', 'Navratri wishes', 'img/post_images/family/012.jpg', '', '', 'A', '2016-09-26 22:38:51', 1, 1, 1, 0, 0),
(6, '', '', 'img/post_images/family/bg_map.gif', '', '', 'A', '2016-09-26 22:49:20', 1, 1, 1, 0, 0),
(7, '', '', 'img/post_images/family/2.JPG', '', '', 'A', '2016-09-26 22:53:55', 1, 1, 1, 0, 0),
(8, '', 'zxzx', 'img/post_images/family/1.jpg', '', '', 'A', '2016-09-26 22:54:38', 1, 1, 1, 0, 0),
(9, '', 'dttt', 'img/post_images/family/Hydrangeas1.jpg', '', '', 'A', '2016-09-26 22:56:16', 41, 41, 1, 0, 0),
(10, '', '', 'img/post_images/group_posts/ad_82.jpg', '', '', 'A', '2016-09-26 10:31:48', 1, 1, 0, 11, 0),
(11, '', '', '', '', '', 'A', '2016-09-30 02:06:58', 104, 104, 1, 0, 0),
(12, '', 'Just for fun', 'img/post_images/family/IMG-20161006-WA0000.jpg', '', '', 'A', '2016-10-18 17:04:38', 248, 248, 1, 0, 0),
(13, '', 'My saree', 'img/post_images/family/IMG-20160924-WA0016.jpg', '', '', 'A', '2016-10-18 06:54:08', 248, 248, 1, 4, 1),
(14, '', 'this in new computer center', 'img/post_images/group_posts/Aviary_Stock_Photo_21.png', NULL, NULL, 'A', '2017-07-20 06:52:14', 322, 322, 0, 4, 0);

-- --------------------------------------------------------

--
-- Table structure for table `roottildb_family_activity_link`
--

CREATE TABLE `roottildb_family_activity_link` (
  `roottilDb_user_activity_id` int(11) NOT NULL,
  `roottilDb_user_family_link` int(11) DEFAULT NULL
) ENGINE=MyISAM DEFAULT CHARSET=latin1;

-- --------------------------------------------------------

--
-- Table structure for table `roottildb_family_cover`
--

CREATE TABLE `roottildb_family_cover` (
  `id` int(11) NOT NULL,
  `family_cover_foto` varchar(750) DEFAULT NULL,
  `family_cover_date` varchar(12) DEFAULT NULL,
  `family_cover_title` varchar(50) DEFAULT NULL
) ENGINE=InnoDB DEFAULT CHARSET=latin1;

-- --------------------------------------------------------

--
-- Table structure for table `roottildb_group`
--

CREATE TABLE `roottildb_group` (
  `roottilDb_goup_id` int(11) NOT NULL,
  `created_by` int(11) NOT NULL COMMENT 'logged user',
  `roottilDb_group_name` varchar(255) NOT NULL,
  `group_category` int(11) NOT NULL COMMENT 'categ_Id',
  `group_img` varchar(750) NOT NULL,
  `group_desc` text NOT NULL,
  `roottilDb_group_status` varchar(255) NOT NULL COMMENT 'A = ''Active'', D = ''Deleted'''
) ENGINE=InnoDB DEFAULT CHARSET=latin1;

--
-- Dumping data for table `roottildb_group`
--

INSERT INTO `roottildb_group` (`roottilDb_goup_id`, `created_by`, `roottilDb_group_name`, `group_category`, `group_img`, `group_desc`, `roottilDb_group_status`) VALUES
(1, 22, 'cricket forever', 2, '', '', 'A'),
(2, 22, 'health ', 8, '', '', 'A'),
(3, 22, 'food festival', 5, 'ad_bot.jpg', '', 'A'),
(4, 147, 'books', 3, 'holmes.jpg', '', 'A'),
(5, 239, 'winners', 3, 'Aviary_Stock_Photo_3.png', '', 'A');

-- --------------------------------------------------------

--
-- Table structure for table `roottildb_group_category`
--

CREATE TABLE `roottildb_group_category` (
  `group_category_id` int(11) NOT NULL,
  `group_category_name` varchar(250) NOT NULL,
  `group_category_image` varchar(750) NOT NULL,
  `group_category_order` int(2) NOT NULL
) ENGINE=InnoDB DEFAULT CHARSET=latin1;

--
-- Dumping data for table `roottildb_group_category`
--

INSERT INTO `roottildb_group_category` (`group_category_id`, `group_category_name`, `group_category_image`, `group_category_order`) VALUES
(1, 'Travel & Tourism', 'tt.jpg', 1),
(2, 'Sports & Games', 'sg.jpg', 2),
(3, 'Education & Career', 'ec.jpg', 3),
(4, 'Life & Personel', 'lp.jpg', 4),
(5, 'Cooking ', 'ch.jpg', 5),
(6, 'Entertainments', 'fe.jpg', 6),
(8, 'Health & fitness', 'hf.jpg', 8),
(9, 'Fashion & Trends', 'ft.jpg', 9),
(10, 'Others', 'othr.jpg', 10);

-- --------------------------------------------------------

--
-- Table structure for table `roottildb_group_user`
--

CREATE TABLE `roottildb_group_user` (
  `roottilDb_group_user_id` int(11) NOT NULL,
  `roottilDb_group_id` int(11) NOT NULL,
  `roottilDb_user_id` int(11) NOT NULL,
  `roottildb_joined_date` timestamp NOT NULL DEFAULT CURRENT_TIMESTAMP ON UPDATE CURRENT_TIMESTAMP
) ENGINE=InnoDB DEFAULT CHARSET=latin1;

--
-- Dumping data for table `roottildb_group_user`
--

INSERT INTO `roottildb_group_user` (`roottilDb_group_user_id`, `roottilDb_group_id`, `roottilDb_user_id`, `roottildb_joined_date`) VALUES
(1, 1, 22, '2016-09-26 21:40:58'),
(2, 2, 22, '2016-09-26 21:47:29'),
(3, 3, 22, '2016-09-27 19:05:12'),
(4, 3, 147, '2016-10-03 20:19:39'),
(5, 1, 147, '2016-10-03 21:43:32'),
(6, 2, 147, '2016-10-03 21:46:01'),
(7, 4, 147, '2016-10-03 21:55:48'),
(8, 3, 99, '2016-10-04 00:33:47'),
(9, 5, 239, '2016-10-13 02:29:48'),
(10, 1, 322, '2017-07-20 19:44:47'),
(11, 1, 356, '2019-05-13 21:34:54');

-- --------------------------------------------------------

--
-- Table structure for table `roottildb_invitation`
--

CREATE TABLE `roottildb_invitation` (
  `roottilDb_invitation_id` int(11) NOT NULL,
  `roottilDb_invitation_from` varchar(1000) DEFAULT NULL,
  `roottilDb_invitation_to` varchar(1000) NOT NULL,
  `roottilDb_invitation_code` varchar(1000) DEFAULT NULL,
  `roottilDb_invitation_date` date DEFAULT NULL,
  `roottilDb_invitation_random` varchar(1000) DEFAULT NULL,
  `roottilDb_invitation_pincode` varchar(50) DEFAULT NULL,
  `roottilDb_root_invitation_type` varchar(5) DEFAULT NULL
) ENGINE=InnoDB DEFAULT CHARSET=latin1;

--
-- Dumping data for table `roottildb_invitation`
--

INSERT INTO `roottildb_invitation` (`roottilDb_invitation_id`, `roottilDb_invitation_from`, `roottilDb_invitation_to`, `roottilDb_invitation_code`, `roottilDb_invitation_date`, `roottilDb_invitation_random`, `roottilDb_invitation_pincode`, `roottilDb_root_invitation_type`) VALUES
(1, '', 'maya@test.com', '', '0000-00-00', '383c88c4ba2b5a8b853e095ab90eaa12', '3926', 'A'),
(4, '', 'anuthankam83@gmail.com', '', '0000-00-00', '996ee31825f2366c57934350ffc457cd', '7143', 'A'),
(5, '', 'krishna@inometrics.com', '', '0000-00-00', '3094b5562e5a527c43b5f4355f8667ba', '2532', 'A'),
(6, '', 'praveenprakash431@gmail.com', '', '0000-00-00', 'f2d17388b9bf3220a9b84bd80a37073b', '3464', 'A'),
(7, '', 'sumeshprakash2011@gmail.com', '', '0000-00-00', '4dbd85412a0282a74268120f8623c610', '1864', 'A'),
(16, '', 'tamilnithi15@gmail.com', '', '0000-00-00', '', '', 'A'),
(17, '', 'aneeshpap8@gmail.com', '', '0000-00-00', '', '', 'A'),
(18, '', 'Rejin@test.com', '', '0000-00-00', '', '', 'A'),
(19, '', 'vincy@test.com', '', '0000-00-00', '', '', 'A'),
(20, '', 'maneesha@test.com', '', '0000-00-00', '', '', 'A'),
(21, '', 'archana@test.com', '', '0000-00-00', '', '', 'A'),
(22, '', 'rajugeorge@gmail.com', '', '0000-00-00', '', '', 'A'),
(23, '', 'veeyes57@gmail.com', '', '0000-00-00', '', '', 'A'),
(24, '', 'preethashcil@gmail.com', '', '0000-00-00', '', '', 'A'),
(25, '', 'nishajoy@test.com', '', '0000-00-00', '', '', 'A'),
(26, '', 'anjugeorgeju@gmail.com', '', '0000-00-00', '', '', 'A'),
(27, '', 'mahima@test.com', '', '0000-00-00', '', '', 'A'),
(28, '', 'chindu.krishna@gmail.com', '', '0000-00-00', '', '', 'A'),
(29, '', 'swathy1@test.com', '', '0000-00-00', '', '', 'A'),
(30, '', 'umeshprakash@gmail.com', '', '0000-00-00', '', '', 'A'),
(31, 'tamilnithi15@gmail.com', 'nithiyananthan2008@gmail.com', '', '0000-00-00', 'c3483ef39deac6a3189f2741fea7a7f5', '1286', 'A'),
(32, '', 'vibinwilson79@gmail.com', '', '0000-00-00', '', '', 'A'),
(33, '', 'akhilnath5956@gmail.com', '', '0000-00-00', '', '', 'A'),
(34, '', 'anjugopi@test.com', '', '0000-00-00', '', '', 'A'),
(35, '', 'chindukrishna@inometrics.com', '', '0000-00-00', '', '', 'A'),
(36, '', 'varun@gmail.com', '', '0000-00-00', '', '', 'A'),
(37, '', 'gouthemraj21@gmail.com', '', '0000-00-00', '', '', 'A'),
(38, 'anjugeorgeju@gmail.com', 'ajailalm1@gmail.com', '', '0000-00-00', 'a05308ec2f3ba35c6f752d9d7c3408b1', '8203', 'A'),
(39, '', 'arjunravi599@gmail.com', '', '0000-00-00', '', '', 'A'),
(40, '', 'jessy@test.com', '', '0000-00-00', '', '', 'A'),
(42, 'jessy@test.com', 'remya.reghu90@gmail.com', '', '0000-00-00', '21edf44ca89dd8fe0b8bdfd43decd4fb', '6422', 'A'),
(43, 'jessy@test.com', 'remyareghu90@gmail.com', '', '0000-00-00', '471ac2b7a91276269ce4745b8c4fa675', '2269', 'A'),
(44, 'jessy@test.com', 'remyareghu.90@gmail.com', '', '0000-00-00', 'f66b318345d42056e4c77e6241b9879a', '7445', 'A'),
(45, '', 'harikrishan087@gmail.com', '', '0000-00-00', '', '', 'A'),
(46, '', 'manya@test.com', '', '0000-00-00', '', '', 'A'),
(47, '', 'tamilnithi.15@gmail.com', '', '0000-00-00', '', '', 'A'),
(48, '', 'vinaya@test.com', '', '0000-00-00', '', '', 'A'),
(49, '', 'meena@test.com', '', '0000-00-00', '', '', 'A'),
(50, '', 'Varadha@test.com', '', '0000-00-00', '', '', 'A'),
(51, '', 'tamilnithi.14@gmail.com', '', '0000-00-00', '', '', 'A'),
(52, '', 'robinpmathew123@gmail.com', '', '0000-00-00', '', '', 'A'),
(53, '', 'tamilnithi.12@gmail.com', '', '0000-00-00', '', '', 'A'),
(54, '', 'sabariraam.skuttu@gmail.com', '', '0000-00-00', '', '', 'A'),
(55, '', 'chindukrishn.a@gmail.com', '', '0000-00-00', '', '', 'A'),
(56, '', 'harisanker121@gmail.com', '', '0000-00-00', '', '', 'A'),
(57, '', 'vineetha@test.com', '', '0000-00-00', '', '', 'A'),
(58, '', 'sreemathi005@gmail.com', '', '0000-00-00', '', '', 'A'),
(59, '', 'Roshnisugathan95@gmail.com', '', '0000-00-00', '', '', 'A'),
(60, '', 'tamilnithi.13@gmail.com', '', '0000-00-00', '', '', 'A'),
(61, '', 'merlin.james@test.com', '', '0000-00-00', '', '', 'A'),
(62, '', 'lazarlipin@gmail.com', '', '0000-00-00', '', '', 'A'),
(63, '', 'vijopjoy@gmail.com', '', '0000-00-00', '', '', 'A'),
(64, '', 'ms.anu63@gmail.com', '', '0000-00-00', '', '', 'A'),
(65, 'ms.anu63@gmail.com', 'aryakrishnan898@gmail.com', '', '0000-00-00', '605940fb8ef2501d73e62981807b1a69', '9867', 'A'),
(66, 'ms.anu63@gmail.com', 'sukanyaks77@yahoo.com', '', '0000-00-00', 'b8bde47d644328745c2063038d383f78', '3326', 'A'),
(67, '', 'Vinasvergish@gmail.com', '', '0000-00-00', '', '', 'A'),
(68, '', 'vignesh@test.com', '', '0000-00-00', '', '', 'A'),
(69, '', 'jinskadamthodu2k15@gmail.com', '', '0000-00-00', '', '', 'A'),
(70, '', 'anandusuresh001@gmail.com', '', '0000-00-00', '', '', 'A'),
(71, '', 'diga@maileme101.com', '', '0000-00-00', '', '', 'A'),
(72, '', 'mahi@stromox.com', '', '0000-00-00', '', '', 'A'),
(73, '', 'binu.sunil@gmail.com', '', '0000-00-00', '', '', 'A'),
(74, '', 'cayusus@dr69.site', '', '0000-00-00', '', '', 'A'),
(75, '', 'xegi@9me.site', '', '0000-00-00', '', '', 'A'),
(76, '', 'anushya@test.com', '', '0000-00-00', '', '', 'A'),
(77, '', 'kp@test.com', '', '0000-00-00', '', '', 'A'),
(78, '', 'deepumohandas2@gmail.com', '', '0000-00-00', '', '', 'A'),
(79, '', 'juhejin@9me.site', '', '0000-00-00', '', '', 'A'),
(80, '', 'mucrafroga@housat.com', '', '0000-00-00', '', '', 'A'),
(81, NULL, 'remya@test.com', NULL, NULL, NULL, '', 'A'),
(82, NULL, 'anupama@test.com', NULL, NULL, NULL, '', 'A'),
(83, NULL, 'sreedevikj@test.com', NULL, NULL, NULL, '', 'A'),
(84, NULL, 'sunandha@test.com', NULL, NULL, NULL, '', 'A'),
(85, NULL, 'rahul@dispostable.com', NULL, NULL, NULL, '', 'A'),
(86, NULL, 'tamilselvinithyanandan@gmail.com', NULL, NULL, NULL, '', 'A'),
(87, NULL, 'chandu.inometrics@gmail.com', NULL, NULL, NULL, '', 'A'),
(88, NULL, 'sivasankari@inometrics.com', NULL, NULL, NULL, '', 'A'),
(89, 'sivasankari@inometrics.com', 'chanki2819@gmail.com', NULL, NULL, '716109708ee83c344aa8e64424adfdfc', '6657', 'A'),
(90, NULL, 'arund091995@gmail.com', NULL, NULL, NULL, '', 'A'),
(91, NULL, 'amruthainometrics@gmail.com', NULL, NULL, NULL, '', 'A'),
(92, NULL, 'agn.inometrics@gmail.com', NULL, NULL, NULL, '', 'A'),
(93, NULL, 'amrutha@inometrics.com', NULL, NULL, NULL, '', 'A');

-- --------------------------------------------------------

--
-- Table structure for table `roottildb_members_msg`
--

CREATE TABLE `roottildb_members_msg` (
  `members_msg_id` int(11) NOT NULL,
  `members_msg_from` int(11) NOT NULL COMMENT 'from user_id',
  `members_msg_to` int(11) NOT NULL COMMENT 'to_user_id',
  `members_msg_cntnt` text NOT NULL,
  `members_msg_status` varchar(2) NOT NULL COMMENT 'N=New, R=Read',
  `members_msg_date` timestamp NOT NULL DEFAULT CURRENT_TIMESTAMP ON UPDATE CURRENT_TIMESTAMP
) ENGINE=InnoDB DEFAULT CHARSET=latin1;

--
-- Dumping data for table `roottildb_members_msg`
--

INSERT INTO `roottildb_members_msg` (`members_msg_id`, `members_msg_from`, `members_msg_to`, `members_msg_cntnt`, `members_msg_status`, `members_msg_date`) VALUES
(1, 188, 190, 'hi i am using roottil', 'R', '2016-10-18 12:08:54');

-- --------------------------------------------------------

--
-- Table structure for table `roottildb_post`
--

CREATE TABLE `roottildb_post` (
  `roottilDb_post_id` int(11) NOT NULL,
  `roottilDb_user_id` int(11) NOT NULL,
  `roottilDb_post_date` timestamp NOT NULL DEFAULT CURRENT_TIMESTAMP ON UPDATE CURRENT_TIMESTAMP,
  `roottilDb_post_type` varchar(255) DEFAULT NULL,
  `roottilDb_post_status` varchar(255) DEFAULT NULL,
  `roottilDb_post_image` varchar(255) DEFAULT NULL,
  `roottilDb_post_details` text CHARACTER SET utf8 COLLATE utf8_unicode_ci,
  `roottilDb_post_caption` varchar(255) DEFAULT NULL,
  `roottilDb_user_family_link` int(11) DEFAULT NULL,
  `upvotes` int(5) NOT NULL DEFAULT '0',
  `downvotes` int(5) NOT NULL DEFAULT '0'
) ENGINE=InnoDB DEFAULT CHARSET=latin1;

--
-- Dumping data for table `roottildb_post`
--

INSERT INTO `roottildb_post` (`roottilDb_post_id`, `roottilDb_user_id`, `roottilDb_post_date`, `roottilDb_post_type`, `roottilDb_post_status`, `roottilDb_post_image`, `roottilDb_post_details`, `roottilDb_post_caption`, `roottilDb_user_family_link`, `upvotes`, `downvotes`) VALUES
(1, 22, '2016-09-26 21:48:20', '', 'A', 'group_posts/ad_8.jpg', '', '', 0, 0, 0),
(2, 22, '2016-09-26 21:48:43', '', 'A', 'group_posts/ad_81.jpg', '', '', 0, 0, 0),
(3, 22, '2016-09-26 21:49:13', '', 'A', 'group_posts/ad_82.jpg', '', '', 0, 0, 0),
(4, 1, '2016-09-26 22:39:35', '', 'A', 'group_posts/bg_map.gif', 'aa', '', 0, 0, 0),
(5, 239, '2016-10-13 02:32:45', '', 'A', 'group_posts/Aviary_Stock_Photo_2.png', 'this in new computer center', '', 0, 0, 0),
(6, 239, '2016-10-13 02:32:54', '', 'A', 'group_posts/Aviary_Stock_Photo_21.png', 'this in new computer center', '', 0, 0, 0),
(7, 177, '2016-10-18 19:46:36', '', 'A', '', '', '', 0, 0, 0),
(8, 278, '2016-11-03 21:43:42', '', 'A', '', 'hai\n', '', 0, 0, 0),
(9, 322, '2017-07-20 20:15:05', NULL, 'A', 'group_posts/1486189019Karnataka-Coorg-Bride-BG01.jpg', 'xzczcxzcxzcxc zxcxz', NULL, NULL, 0, 0),
(10, 322, '2017-12-13 06:19:17', NULL, 'A', 'group_posts/1486189019Karnataka-Coorg-Bride-BG011.jpg', 'xzczcxzcxzcxc zxcxz', NULL, NULL, 2, 3),
(11, 322, '2017-12-13 06:19:27', NULL, 'A', 'group_posts/97.jpg', 'xczxc cxcv', NULL, NULL, 1, 1);

-- --------------------------------------------------------

--
-- Table structure for table `roottildb_post_group`
--

CREATE TABLE `roottildb_post_group` (
  `roottilDb_grouppost_id` int(11) NOT NULL,
  `roottilDb_group_id` int(11) NOT NULL COMMENT 'id Of group',
  `roottilDb_post_caption` varchar(80) DEFAULT NULL,
  `roottilDb_post_status` varchar(15) DEFAULT NULL,
  `roottilDb_post_img` varchar(750) DEFAULT NULL,
  `roottilDb_post_desc` text CHARACTER SET utf8 COLLATE utf8_unicode_ci,
  `roottilDb_post_link` varchar(150) DEFAULT NULL,
  `roottilDb_post_vdo` varchar(750) DEFAULT NULL,
  `roottilDb_posted_by` int(11) DEFAULT NULL COMMENT 'users ID',
  `roottilDb_posted_date` timestamp NOT NULL DEFAULT CURRENT_TIMESTAMP ON UPDATE CURRENT_TIMESTAMP,
  `upvotes` int(5) DEFAULT NULL,
  `downvotes` int(5) DEFAULT NULL
) ENGINE=InnoDB DEFAULT CHARSET=latin1;

--
-- Dumping data for table `roottildb_post_group`
--

INSERT INTO `roottildb_post_group` (`roottilDb_grouppost_id`, `roottilDb_group_id`, `roottilDb_post_caption`, `roottilDb_post_status`, `roottilDb_post_img`, `roottilDb_post_desc`, `roottilDb_post_link`, `roottilDb_post_vdo`, `roottilDb_posted_by`, `roottilDb_posted_date`, `upvotes`, `downvotes`) VALUES
(1, 2, '', 'A', 'ad_8.jpg', '', '', '', 22, '2016-09-26 21:48:20', 0, 0),
(2, 2, '', 'A', 'ad_81.jpg', '', '', '', 22, '2016-09-26 21:48:43', 0, 0),
(3, 2, '', 'A', 'ad_82.jpg', '', '', '', 22, '2016-09-26 09:19:35', 6, 10),
(4, 1, '', 'A', 'bg_map.gif', 'aa', '', '', 1, '2016-11-03 10:11:31', 201, 3),
(5, 5, '', 'A', 'Aviary_Stock_Photo_2.png', 'this in new computer center', '', '', 239, '2016-10-13 02:32:45', 0, 0),
(6, 5, '', 'A', 'Aviary_Stock_Photo_21.png', 'this in new computer center', '', '', 239, '2016-10-13 02:32:54', 0, 0),
(7, 5, '', 'A', '', '', '', '', 177, '2016-10-18 19:46:36', 0, 0),
(8, 2, '', 'A', '', 'hai\n', '', '', 278, '2016-11-03 21:43:42', 0, 0),
(9, 1, NULL, 'A', '1486189019Karnataka-Coorg-Bride-BG01.jpg', 'xzczcxzcxzcxc zxcxz', NULL, NULL, 322, '2017-07-20 20:15:05', NULL, NULL),
(10, 1, NULL, 'A', '1486189019Karnataka-Coorg-Bride-BG011.jpg', 'xzczcxzcxzcxc zxcxz', NULL, NULL, 322, '2017-07-20 20:15:07', NULL, NULL),
(11, 1, NULL, 'A', '97.jpg', 'xczxc cxcv', NULL, NULL, 322, '2017-07-20 20:15:49', NULL, NULL);

-- --------------------------------------------------------

--
-- Table structure for table `roottildb_relation_reference`
--

CREATE TABLE `roottildb_relation_reference` (
  `roottilDb_relation_reference` varchar(2) NOT NULL,
  `roottilDb_relation_name` varchar(255) NOT NULL
) ENGINE=MyISAM DEFAULT CHARSET=latin1;

--
-- Dumping data for table `roottildb_relation_reference`
--

INSERT INTO `roottildb_relation_reference` (`roottilDb_relation_reference`, `roottilDb_relation_name`) VALUES
('F', 'Father'),
('M', 'Mother'),
('B', 'Brother'),
('S', 'Sister'),
('W', 'Wife'),
('So', 'Son'),
('D', 'Daughter'),
('H', 'Husband'),
('XW', 'Ex-Wife'),
('XH', 'Ex-Huband');

-- --------------------------------------------------------

--
-- Table structure for table `roottildb_site_settings`
--

CREATE TABLE `roottildb_site_settings` (
  `roottilDb_sl_no` int(11) NOT NULL,
  `roottilDb_value` varchar(200) NOT NULL,
  `roottilDb_type` varchar(100) NOT NULL
) ENGINE=MyISAM DEFAULT CHARSET=latin1;

--
-- Dumping data for table `roottildb_site_settings`
--

INSERT INTO `roottildb_site_settings` (`roottilDb_sl_no`, `roottilDb_value`, `roottilDb_type`) VALUES
(1, 'http://www.roottil.com/', 'root_folder');

-- --------------------------------------------------------

--
-- Table structure for table `roottildb_states`
--

CREATE TABLE `roottildb_states` (
  `states_id` int(11) NOT NULL,
  `country_id` varchar(100) NOT NULL,
  `state_name` varchar(50) NOT NULL,
  `state_code` varchar(5) NOT NULL
) ENGINE=InnoDB DEFAULT CHARSET=latin1;

--
-- Dumping data for table `roottildb_states`
--

INSERT INTO `roottildb_states` (`states_id`, `country_id`, `state_name`, `state_code`) VALUES
(3, '5', 'Kabul', 'KBL'),
(4, '5', 'Ludhiyana', 'LD'),
(5, 'India', 'Andhra Pradesh', 'AP'),
(6, 'India', 'Arunachal Pradesh', 'ANP'),
(8, 'India', 'Assam', 'AS'),
(9, 'India', 'Bihar', 'BH'),
(10, 'India', 'Chhattisgarh', 'CH'),
(11, 'India', 'Goa', 'GA'),
(13, 'India', 'Gujarat', 'GJ'),
(14, 'India', 'Haryana', 'HY'),
(15, 'India', 'Himachal Pradesh', 'HP'),
(16, 'India', 'Jammu & Kashmir', 'JK'),
(17, 'India', 'Jharkhand', 'JH'),
(18, 'India', 'Karnataka', 'KA'),
(19, 'India', 'Kerala', 'KL'),
(20, 'India', 'Madhya Pradesh', 'MP'),
(21, 'India', 'Maharashtra', 'MH'),
(22, 'India', 'Manipur', 'MN'),
(23, 'India', 'Meghalaya', 'MG'),
(24, 'India', 'Mizoram', 'MZ'),
(25, 'India', 'Nagaland', 'NL'),
(26, 'India', 'Orissa', 'OR'),
(27, 'India', 'Punjab', 'PB'),
(28, 'India', 'Rajasthan', 'RJ'),
(29, 'India', 'Sikkim', 'SK'),
(30, 'India', 'Tamil Nadu', 'TN'),
(31, 'India', 'Telangana', 'TLN'),
(32, 'India', 'Tripura', 'TP'),
(33, 'India', 'Uttar Pradesh', 'UP'),
(34, 'India', 'Uttarakhand', 'UTD'),
(35, '1', 'West Bengal', 'WB');

-- --------------------------------------------------------

--
-- Table structure for table `roottildb_user`
--

CREATE TABLE `roottildb_user` (
  `roottilDb_user_id` int(11) NOT NULL,
  `roottilDb_login_name` varchar(500) DEFAULT NULL,
  `roottilDb_user_password` varchar(255) DEFAULT NULL,
  `roottilDb_user_email_id` varchar(255) NOT NULL DEFAULT 'no-email',
  `roottilDb_user_type` varchar(1) DEFAULT NULL,
  `roottilDb_user_status` varchar(1) DEFAULT NULL COMMENT 'v=Firsttym login,A=active User',
  `family_tree_status` int(2) DEFAULT NULL COMMENT '1=''Activated'', 0=''First tym''',
  `group_ids` int(11) DEFAULT NULL COMMENT 'id of Groups',
  `family_id` int(11) DEFAULT NULL COMMENT 'get the users of Same FamilyId',
  `last_actv_time` timestamp NULL DEFAULT NULL,
  `default_home` varchar(20) NOT NULL DEFAULT 'home'
) ENGINE=InnoDB DEFAULT CHARSET=latin1;

--
-- Dumping data for table `roottildb_user`
--

INSERT INTO `roottildb_user` (`roottilDb_user_id`, `roottilDb_login_name`, `roottilDb_user_password`, `roottilDb_user_email_id`, `roottilDb_user_type`, `roottilDb_user_status`, `family_tree_status`, `group_ids`, `family_id`, `last_actv_time`, `default_home`) VALUES
(1, 'Maya', '81dc9bdb52d04dc20036dbd8313ed055', 'Maya@test.com', '', 'A', 1, 0, 1, NULL, 'home'),
(2, 'Vilasini Amma', '', '', '', 'V', 0, 0, 1, '2016-09-24 01:22:38', 'home'),
(3, 'Bhaskaran Nair', '', '', '', 'V', 0, 0, 1, '2016-09-24 01:22:38', 'home'),
(4, 'Arun G Kurup', '', 'Aun@test.com', '', 'V', 0, 0, 1, '2016-09-24 01:22:38', 'home'),
(5, 'Madhu', '', '', '', 'V', 0, 0, 1, '2016-09-24 01:22:38', 'home'),
(6, 'Manju', '', '', '', 'V', 0, 0, 1, '2016-09-24 01:22:38', 'home'),
(7, 'Pranav Krishnan', '', '', '', 'V', 0, 0, 1, '2016-09-24 01:22:38', 'home'),
(8, 'Pratheeksha Krishnan', '', '', '', 'V', 0, 0, 1, '2016-09-24 01:22:38', 'home'),
(9, 'Seena ', '81dc9bdb52d04dc20036dbd8313ed055', 'seena@gmail.com', '', 'A', 1, 0, 9, '2016-09-23 13:29:20', 'home'),
(10, 'Mary Jacob', '', '', '', 'V', 0, 0, 9, '2016-09-24 01:39:12', 'home'),
(11, 'Jacob John', '', '', '', 'V', 0, 0, 9, '2016-09-24 01:39:12', 'home'),
(12, 'no_name', '', 'no_email', '', 'V', 0, 0, 9, '2016-09-24 01:39:12', 'home'),
(13, 'no_name', '', 'no_email', '', 'V', 0, 0, 9, '2016-09-24 01:39:12', 'home'),
(14, 'no_name', '', 'no_email', '', 'V', 0, 0, 9, '2016-09-24 01:39:12', 'home'),
(16, 'Anu', '21b6896478ef1cd79d8b7413442c0ca1', 'anuthankam83@gmail.com', '', 'A', 1, 0, 16, NULL, 'home'),
(17, '', '', '', '', 'V', 0, 0, 16, '2016-09-24 08:20:49', 'home'),
(18, '', '', '', '', 'V', 0, 0, 16, '2016-09-24 08:20:49', 'home'),
(19, 'no_name', '', 'no_email', '', 'V', 0, 0, 16, '2016-09-24 08:20:49', 'home'),
(20, '', '9824f9c1543628a85bb51d2dd6fcf8a3', 'krishna@inometrics.com', '', 'V', 0, 0, 0, NULL, 'home'),
(21, '', '51e6d6e679953c6311757004d8cbbba9', 'praveenprakash431@gmail.com', '', 'V', 0, 0, 0, NULL, 'home'),
(22, 'sumesh', '93c38930624cb7aba48c62606b865b54', 'sumeshprakash2011@gmail.com', '', 'A', 1, 0, 22, NULL, 'home'),
(23, 'ajaya prakash', '', '', '', 'V', 0, 0, 22, '2016-09-26 17:51:05', 'home'),
(24, 'prakash', '', '', '', 'V', 0, 0, 22, '2016-09-26 17:51:05', 'home'),
(25, 'praveen', '', '', '', 'V', 0, 0, 22, '2016-09-26 17:51:05', 'home'),
(31, '', 'd41d8cd98f00b204e9800998ecf8427e', 'remyainometrics@gmail.com', '', 'V', 0, 0, 0, NULL, 'home'),
(32, '', 'd41d8cd98f00b204e9800998ecf8427e', 'remyainometrics@gmail.com', '', 'V', 0, 0, 0, NULL, 'home'),
(33, 'Merina', '81dc9bdb52d04dc20036dbd8313ed055', 'remyareghu90@gmail.com', '', 'A', 1, 0, 33, NULL, 'home'),
(34, 'Marya', '', '', '', 'V', 0, 0, 33, '2016-09-26 20:06:59', 'home'),
(35, 'Joseph', '', '', '', 'V', 0, 0, 33, '2016-09-26 20:06:59', 'home'),
(36, 'Jerin', '', 'jerin@test.com', '', 'V', 0, 0, 33, '2016-09-26 20:06:59', 'home'),
(37, 'no_name', '', 'no_email', '', 'V', 0, 0, 33, '2016-09-26 20:06:59', 'home'),
(38, 'no_name', '', 'no_email', '', 'V', 0, 0, 33, '2016-09-26 20:06:59', 'home'),
(39, 'no_name', '', 'no_email', '', 'V', 0, 0, 33, '2016-09-26 20:06:59', 'home'),
(40, 'no_name', '', 'no_email', '', 'V', 0, 0, 33, '2016-09-26 20:06:59', 'home'),
(44, '', 'd41d8cd98f00b204e9800998ecf8427e', 'aneeshpap8@gmail.com', '', 'V', 0, 0, 0, NULL, 'home'),
(45, 'Rejin', '81dc9bdb52d04dc20036dbd8313ed055', 'Rejin@test.com', '', 'A', 1, 0, 45, NULL, 'home'),
(46, 'Rajani ', '', '', '', 'V', 0, 0, 45, '2016-09-27 17:18:47', 'home'),
(47, 'Raveendran', '', '', '', 'V', 0, 0, 45, '2016-09-27 17:18:47', 'home'),
(48, 'Devika', '', 'devika@test.com', '', 'V', 0, 0, 45, '2016-09-27 17:18:47', 'home'),
(49, 'Rejith', '', '', '', 'V', 0, 0, 45, '2016-09-27 17:18:47', 'home'),
(50, 'Rachana', '', '', '', 'V', 0, 0, 45, '2016-09-27 17:18:47', 'home'),
(51, 'Nived', '', '', '', 'V', 0, 0, 45, '2016-09-27 17:18:47', 'home'),
(52, 'Neenu', '', '', '', 'V', 0, 0, 45, '2016-09-27 17:18:47', 'home'),
(53, 'Vincy', '81dc9bdb52d04dc20036dbd8313ed055', 'vincy@test.com', '', 'A', 1, 0, 53, NULL, 'home'),
(54, 'vimala', '', '', '', 'V', 0, 0, 53, '2016-09-27 17:40:04', 'home'),
(55, 'John', '', '', '', 'V', 0, 0, 53, '2016-09-27 17:40:04', 'home'),
(56, 'Pradeep', '', 'pradeep@test.com', '', 'V', 0, 0, 53, '2016-09-27 17:40:04', 'home'),
(57, 'no_name', '', 'no_email', '', 'V', 0, 0, 53, '2016-09-27 17:40:04', 'home'),
(58, 'no_name', '', 'no_email', '', 'V', 0, 0, 53, '2016-09-27 17:40:04', 'home'),
(59, 'no_name', '', 'no_email', '', 'V', 0, 0, 53, '2016-09-27 17:40:04', 'home'),
(60, 'no_name', '', 'no_email', '', 'V', 0, 0, 53, '2016-09-27 17:40:04', 'home'),
(61, 'no_name', '', 'no_email', '', 'V', 0, 0, 53, '2016-09-27 17:40:04', 'home'),
(65, 'Maneesha', '81dc9bdb52d04dc20036dbd8313ed055', 'maneesha@test.com', '', 'A', 1, 0, 65, NULL, 'home'),
(66, 'Lathika', '', '', '', 'V', 0, 0, 65, '2016-09-27 18:43:21', 'home'),
(67, 'Rajesh', '', '', '', 'V', 0, 0, 65, '2016-09-27 18:43:21', 'home'),
(68, 'Chandran', '', 'chandran@test.com', '', 'V', 0, 0, 65, '2016-09-27 18:43:21', 'home'),
(69, 'Manoj', '', '', '', 'V', 0, 0, 65, '2016-09-27 18:43:21', 'home'),
(70, 'no_name', '', 'no_email', '', 'V', 0, 0, 65, '2016-09-27 18:43:21', 'home'),
(71, 'no_name', '', 'no_email', '', 'V', 0, 0, 65, '2016-09-27 18:43:21', 'home'),
(72, 'no_name', '', 'no_email', '', 'V', 0, 0, 65, '2016-09-27 18:43:21', 'home'),
(73, 'Archana', '81dc9bdb52d04dc20036dbd8313ed055', 'archana@test.com', '', 'A', 1, 0, 73, NULL, 'home'),
(74, 'Anitha', '', '', '', 'V', 0, 0, 73, '2016-09-27 18:53:08', 'home'),
(75, 'Ajith', '', '', '', 'V', 0, 0, 73, '2016-09-27 18:53:08', 'home'),
(76, 'Renjith', '', '', '', 'V', 0, 0, 73, '2016-09-27 18:53:08', 'home'),
(77, 'no_name', '', 'no_email', '', 'V', 0, 0, 73, '2016-09-27 18:53:08', 'home'),
(78, 'no_name', '', 'no_email', '', 'V', 0, 0, 73, '2016-09-27 18:53:08', 'home'),
(79, 'no_name', '', 'no_email', '', 'V', 0, 0, 73, '2016-09-27 18:53:08', 'home'),
(80, 'no_name', '', 'no_email', '', 'V', 0, 0, 73, '2016-09-27 18:53:08', 'home'),
(81, 'Raju', '7a2026f5911fce29049d671b7bf0c9d0', 'rajugeorge@gmail.com', '', 'A', 1, 0, 81, NULL, 'home'),
(82, '', '', '', '', 'V', 0, 0, 81, '2016-09-27 21:04:59', 'home'),
(83, '', '', '', '', 'V', 0, 0, 81, '2016-09-27 21:04:59', 'home'),
(84, 'VARUN', '42810cb02db3bb2cbb428af0d8b0376e', 'veeyes57@gmail.com', '', 'A', 1, 0, 84, NULL, 'home'),
(85, '', '', '', '', 'V', 0, 0, 84, '2016-09-27 23:32:53', 'home'),
(86, '', '', '', '', 'V', 0, 0, 84, '2016-09-27 23:32:53', 'home'),
(87, 'preetha', '5d4ebeb651360bf72039095876cbf3ed', 'preethashcil@gmail.com', '', 'A', 1, 0, 87, NULL, 'home'),
(88, '', '', '', '', 'V', 0, 0, 87, '2016-09-28 04:03:30', 'home'),
(89, '', '', '', '', 'V', 0, 0, 87, '2016-09-28 04:03:30', 'home'),
(90, 'Nisha', '81dc9bdb52d04dc20036dbd8313ed055', 'nishajoy@test.com', '', 'A', 1, 0, 90, NULL, 'home'),
(91, 'Lilly', '', '', '', 'V', 0, 0, 90, '2016-09-28 18:52:04', 'home'),
(92, 'Joy Jacob', '', '', '', 'V', 0, 0, 90, '2016-09-28 18:52:04', 'home'),
(93, 'Cherian', '', '', '', 'V', 0, 0, 90, '2016-09-28 18:52:04', 'home'),
(94, 'no_name', '', 'no_email', '', 'V', 0, 0, 90, '2016-09-28 18:52:04', 'home'),
(95, 'no_name', '', 'no_email', '', 'V', 0, 0, 90, '2016-09-28 18:52:04', 'home'),
(96, 'no_name', '', 'no_email', '', 'V', 0, 0, 90, '2016-09-28 18:52:04', 'home'),
(97, 'no_name', '', 'no_email', '', 'V', 0, 0, 90, '2016-09-28 18:52:04', 'home'),
(98, 'anitha', '', '', '', 'V', 0, 0, 22, '2016-09-28 22:26:37', 'home'),
(99, 'anju', '10a5985f916542ffcd86cae5254e7848', 'anjugeorgeju@gmail.com', '', 'A', 1, 0, 99, NULL, 'home'),
(100, 'anitha', '', '', '', 'V', 0, 0, 99, '2016-09-29 22:42:37', 'home'),
(101, 'george', '', '', '', 'V', 0, 0, 99, '2016-09-29 22:42:37', 'home'),
(102, 'no_name', '', 'no_email', '', 'V', 0, 0, 99, '2016-09-29 22:42:37', 'home'),
(103, 'no_name', '', 'no_email', '', 'V', 0, 0, 99, '2016-09-29 22:42:37', 'home'),
(104, 'Mahima', '81dc9bdb52d04dc20036dbd8313ed055', 'mahima@test.com', '', 'A', 1, 0, 104, NULL, 'home'),
(105, 'Sobha', '', 'no-email', '', 'V', 0, 0, 104, '2016-09-30 02:04:01', 'home'),
(106, 'Thomas', '', 'no-email', '', 'V', 0, 0, 104, '2016-09-30 02:04:01', 'home'),
(107, 'Bijo', '', 'bijo@test.com', '', 'V', 0, 0, 104, '2016-09-30 02:05:35', 'home'),
(108, 'no_name', '', 'no_email', '', 'V', 0, 0, 104, '2016-09-30 02:05:35', 'home'),
(109, 'no_name', '', 'no_email', '', 'V', 0, 0, 104, '2016-09-30 02:05:35', 'home'),
(110, 'no_name', '', 'no_email', '', 'V', 0, 0, 104, '2016-09-30 02:05:35', 'home'),
(111, 'no_name', '', 'no_email', '', 'V', 0, 0, 104, '2016-09-30 02:05:35', 'home'),
(112, 'no_name', '', 'no_email', '', 'V', 0, 0, 104, '2016-09-30 02:05:35', 'home'),
(113, 'Chindukrishna', '9cb67ffb59554ab1dabb65bcb370ddd9', 'chindu.krishna@gmail.com', '', 'A', 0, 0, 113, NULL, 'home'),
(114, 'mother', '', 'no-email', '', 'V', 0, 0, 113, '2016-09-30 04:45:16', 'home'),
(115, 'father', '', 'no-email', '', 'V', 0, 0, 113, '2016-09-30 04:45:16', 'home'),
(116, 'Swathy Shyam', '827ccb0eea8a706c4c34a16891f84e7b', 'swathy1@test.com', '', 'A', 1, 0, 116, NULL, 'home'),
(117, 'Renu', '', 'no-email', '', 'V', 0, 0, 116, '2016-09-30 18:17:02', 'home'),
(118, 'Sarath', '', 'no-email', '', 'V', 0, 0, 116, '2016-09-30 18:17:02', 'home'),
(119, 'Shyam Mohan', '', 'shyammohan@test.com', '', 'V', 0, 0, 116, '2016-09-30 18:19:39', 'home'),
(120, 'no_name', '', 'no_email', '', 'V', 0, 0, 116, '2016-09-30 18:19:39', 'home'),
(121, 'no_name', '', 'no_email', '', 'V', 0, 0, 116, '2016-09-30 18:19:39', 'home'),
(122, 'no_name', '', 'no_email', '', 'V', 0, 0, 116, '2016-09-30 18:19:39', 'home'),
(123, 'no_name', '', 'no_email', '', 'V', 0, 0, 116, '2016-09-30 18:19:39', 'home'),
(124, 'umeshprakash', '93c38930624cb7aba48c62606b865b54', 'umeshprakash@gmail.com', '', 'A', 1, 0, 124, NULL, 'home'),
(125, '', 'c0a271bc0ecb776a094786474322cb82', 'nithiyananthan2008@gmail.com', '', 'V', 0, 0, 125, '2016-09-30 18:33:15', 'home'),
(126, 'anitha', '', 'no-email', '', 'V', 0, 0, 124, '2016-09-30 18:37:09', 'home'),
(127, 'ravi', '', 'no-email', '', 'V', 0, 0, 124, '2016-09-30 18:37:09', 'home'),
(128, 'vibin', 'd41d8cd98f00b204e9800998ecf8427e', 'vibinwilson79@gmail.com', '', 'V', 0, 0, 0, NULL, 'home'),
(129, 'Akhilnath', '7d790b0d4945a2fc1475601e8fd11f2c', 'akhilnath5956@gmail.com', '', 'A', 0, 0, 129, NULL, 'home'),
(130, 'Mini surendran', '', 'no-email', '', 'V', 0, 0, 129, '2016-09-30 21:21:23', 'home'),
(131, 'surendran nair', '', 'no-email', '', 'V', 0, 0, 129, '2016-09-30 21:21:23', 'home'),
(132, 'Anju', '81dc9bdb52d04dc20036dbd8313ed055', 'anjugopi@test.com', '', 'A', 1, 0, 132, NULL, 'home'),
(133, 'Geetha', '', 'no-email', '', 'V', 0, 0, 132, '2016-10-01 03:13:19', 'home'),
(134, 'Gopinath', '', 'no-email', '', 'V', 0, 0, 132, '2016-10-01 03:13:19', 'home'),
(135, 'Vinay N', '', '', '', 'V', 0, 0, 132, '2016-10-01 03:14:20', 'home'),
(136, 'no_name', '', 'no_email', '', 'V', 0, 0, 132, '2016-10-01 03:14:20', 'home'),
(137, 'no_name', '', 'no_email', '', 'V', 0, 0, 132, '2016-10-01 03:14:20', 'home'),
(138, 'no_name', '', 'no_email', '', 'V', 0, 0, 132, '2016-10-01 03:14:20', 'home'),
(139, 'no_name', '', 'no_email', '', 'V', 0, 0, 132, '2016-10-01 03:14:20', 'home'),
(140, 'no_name', '', 'no_email', '', 'V', 0, 0, 132, '2016-10-01 03:14:20', 'home'),
(141, 'inometrics', '9cb67ffb59554ab1dabb65bcb370ddd9', 'chindukrishna@inometrics.com', '', 'A', 0, 0, 141, NULL, 'home'),
(142, 'mother', '', 'no-email', '', 'V', 0, 0, 141, '2016-10-01 07:15:18', 'home'),
(143, 'father', '', 'no-email', '', 'V', 0, 0, 141, '2016-10-01 07:15:18', 'home'),
(144, 'varun', 'b59c67bf196a4758191e42f76670ceba', 'varun@gmail.com', '', 'A', 0, 0, 144, NULL, 'home'),
(145, 'qwqw', '', 'no-email', '', 'V', 0, 0, 144, '2016-10-02 20:15:56', 'home'),
(146, 'qwq', '', 'no-email', '', 'V', 0, 0, 144, '2016-10-02 20:15:56', 'home'),
(147, 'gouthem', '1f36c408ddecdcc4bbc7665eccd4507c', 'gouthemraj21@gmail.com', '', 'A', 1, 0, 147, NULL, 'family'),
(148, 'anitha', '', 'no-email', '', 'V', 0, 0, 147, '2016-10-03 17:45:56', 'home'),
(149, 'raj', '', 'no-email', '', 'V', 0, 0, 147, '2016-10-03 17:45:56', 'home'),
(150, 'no_name', '', 'no_email', '', 'V', 0, 0, 147, '2016-10-03 17:58:53', 'home'),
(151, 'no_name', '', 'no_email', '', 'V', 0, 0, 147, '2016-10-03 17:58:53', 'home'),
(152, 'no_name', '', 'no_email', '', 'V', 0, 0, 147, '2016-10-03 17:58:53', 'home'),
(153, '', '3fffb98d728238ddea957f0fc3ebe428', 'ajailalm1@gmail.com', '', 'V', 0, 0, 153, '2016-10-03 12:38:29', 'home'),
(155, 'arjun', '0f5ca6a53af9e820a8622b92de22c81b', 'arjunravi599@gmail.com', '', 'A', 1, 0, 155, NULL, 'home'),
(156, 'anitha', '', 'no-email', '', 'V', 0, 0, 155, '2016-10-04 19:25:09', 'home'),
(157, 'ravi', '', 'no-email', '', 'V', 0, 0, 155, '2016-10-04 19:25:09', 'home'),
(158, 'jessy', '81dc9bdb52d04dc20036dbd8313ed055', 'jessy@test.com', '', 'A', 1, 0, 158, NULL, 'home'),
(159, '', '', '', '', 'V', 0, 0, 155, '2016-10-04 22:00:11', 'home'),
(160, 'Jeena', '', 'no-email', '', 'V', 0, 0, 158, '2016-10-04 22:01:12', 'home'),
(161, 'John', '', 'no-email', '', 'V', 0, 0, 158, '2016-10-04 22:01:12', 'home'),
(162, 'vivek', '', '', '', 'V', 0, 0, 158, '2016-10-04 22:02:15', 'home'),
(163, 'no_name', '', 'no_email', '', 'V', 0, 0, 158, '2016-10-04 22:02:15', 'home'),
(164, 'no_name', '', 'no_email', '', 'V', 0, 0, 158, '2016-10-04 22:02:15', 'home'),
(165, 'anitha', '', '', '', 'V', 0, 0, 155, '2016-10-04 22:02:58', 'home'),
(166, 'ravi', '', '', '', 'V', 0, 0, 155, '2016-10-04 22:03:52', 'home'),
(167, '', '2cfd4560539f887a5e420412b370b361', 'remyareghu90@gmail.com', '', 'V', 0, 0, 167, '2016-10-04 10:04:24', 'home'),
(168, 'arjun', '', 'arjunravi599@gmail.com', '', 'V', 0, 0, 155, '2016-10-04 22:04:55', 'home'),
(169, 'umesh', '', 'umeshprakash@gmail.com', '', 'V', 0, 0, 155, '2016-10-04 22:09:17', 'home'),
(170, '', 'ee0c1616bbc82804b2f4b635d4a055fb', 'remya.reghu90@gmail.com', '', 'V', 0, 0, 170, '2016-10-04 10:33:21', 'home'),
(171, '', '51de85ddd068f0bc787691d356176df9', 'remyareghu90@gmail.com', '', 'V', 0, 0, 171, '2016-10-04 10:34:57', 'home'),
(172, '', 'e9dcb63ca828d0e00cd05b445099ed2e', 'remyareghu.90@gmail.com', '', 'V', 0, 0, 172, '2016-10-04 10:38:25', 'home'),
(173, 'devi', '', '', '', 'V', 0, 0, 155, '2016-10-05 00:26:17', 'home'),
(174, 'hvh', '', 'hfgf@jjjbjh.com', '', 'V', 0, 0, 155, '2016-10-05 00:26:57', 'home'),
(177, 'hari', '4d5b1d0293d69b3dac0a90dd503e16e5', 'harikrishan087@gmail.com', '', 'A', 1, 0, 177, NULL, 'home'),
(178, 'geetha', '', 'no-email', '', 'V', 0, 0, 177, '2016-10-05 17:49:08', 'home'),
(179, 'krishan', '', 'no-email', '', 'V', 0, 0, 177, '2016-10-05 17:49:08', 'home'),
(181, 'Manya', '81dc9bdb52d04dc20036dbd8313ed055', 'manya@test.com', '', 'A', 1, 0, 181, NULL, 'home'),
(182, 'Raji', '', 'no-email', '', 'V', 0, 0, 181, '2016-10-06 01:39:17', 'home'),
(183, 'Jay', '', 'no-email', '', 'V', 0, 0, 181, '2016-10-06 01:39:17', 'home'),
(184, 'no_name', '', 'no_email', '', 'V', 0, 0, 181, '2016-10-06 01:41:19', 'home'),
(185, 'Dhanya', '', '', '', 'V', 0, 0, 181, '2016-10-06 01:41:19', 'home'),
(186, 'Rejilesh', '', '', '', 'V', 0, 0, 181, '2016-10-06 01:41:42', 'home'),
(187, 'Devan', '', '', '', 'V', 0, 0, 181, '2016-10-06 01:42:22', 'home'),
(189, 'lakshmi', '', 'no-email', '', 'V', 0, 0, 188, '2016-10-06 01:46:20', 'home'),
(190, 'nachimuthu', '', 'no-email', '', 'V', 0, 0, 188, '2016-10-06 01:46:20', 'home'),
(191, 'mahendiran', '', 'mahendiranjuly2@gmail.com', '', 'V', 0, 0, 188, '2016-10-06 01:46:59', 'home'),
(194, 'Vinaya', '81dc9bdb52d04dc20036dbd8313ed055', 'vinaya@test.com', '', 'A', 1, 0, 194, NULL, 'home'),
(195, 'Vijitha', '', 'no-email', '', 'V', 0, 0, 194, '2016-10-06 23:58:14', 'home'),
(196, 'Vijayan', '', 'no-email', '', 'V', 0, 0, 194, '2016-10-06 23:58:14', 'home'),
(197, 'no_name', '', 'no_email', '', 'V', 0, 0, 194, '2016-10-06 23:59:31', 'home'),
(198, 'no_name', '', 'no_email', '', 'V', 0, 0, 194, '2016-10-06 23:59:31', 'home'),
(199, 'Meena', '81dc9bdb52d04dc20036dbd8313ed055', 'meena@test.com', '', 'A', 0, 0, 199, NULL, 'home'),
(200, 'Maya', '', 'no-email', '', 'V', 0, 0, 199, '2016-10-07 01:58:42', 'home'),
(201, 'Mohan', '', 'no-email', '', 'V', 0, 0, 199, '2016-10-07 01:58:42', 'home'),
(202, 'Varadha', '81dc9bdb52d04dc20036dbd8313ed055', 'Varadha@test.com', '', 'A', 0, 0, 202, NULL, 'home'),
(203, 'Meera', '', 'no-email', '', 'V', 0, 0, 202, '2016-10-07 02:03:26', 'home'),
(204, 'Mohan', '', 'no-email', '', 'V', 0, 0, 202, '2016-10-07 02:03:26', 'home'),
(205, 'tamil', '81dc9bdb52d04dc20036dbd8313ed055', 'tamilnithi.14@gmail.com', '', 'A', 1, 0, 205, NULL, 'home'),
(206, 'df', '', 'no-email', '', 'V', 0, 0, 205, '2016-10-07 16:59:51', 'home'),
(207, 'dfds', '', 'no-email', '', 'V', 0, 0, 205, '2016-10-07 16:59:51', 'home'),
(208, 'no_name', '', 'no_email', '', 'V', 0, 0, 205, '2016-10-07 17:00:42', 'home'),
(209, 'no_name', '', 'no_email', '', 'V', 0, 0, 205, '2016-10-07 17:00:42', 'home'),
(210, 'Robin p mathew', '1a1b22561f85ba8c500206229053ce60', 'robinpmathew123@gmail.com', '', 'A', 1, 0, 210, NULL, 'home'),
(211, 'susy mathew', '', 'no-email', '', 'V', 0, 0, 210, '2016-10-07 17:09:25', 'home'),
(212, 'philip mathew', '', 'no-email', '', 'V', 0, 0, 210, '2016-10-07 17:09:25', 'home'),
(213, 'Tamil', '81dc9bdb52d04dc20036dbd8313ed055', 'tamilnithi.12@gmail.com', '', 'A', 1, 0, 213, NULL, 'home'),
(214, 'no_name', '', 'no_email', '', 'V', 0, 0, 210, '2016-10-07 17:59:53', 'home'),
(215, 'Hgy', '', 'no-email', '', 'V', 0, 0, 213, '2016-10-07 18:00:43', 'home'),
(216, 'Gff', '', 'no-email', '', 'V', 0, 0, 213, '2016-10-07 18:00:43', 'home'),
(217, 'ghfgh', '', '', '', 'V', 0, 0, 205, '2016-10-07 18:51:53', 'home'),
(219, 'fsdfsd', '', 'tamilnithi15@gmail.com', '', 'V', 0, 0, 205, '2016-10-07 18:52:57', 'home'),
(220, 'nithyanandan', '', 'nithiyananthan2008@gmail.com', '', 'V', 0, 0, 205, '2016-10-07 18:55:38', 'home'),
(221, 'Sabari Raam', 'ff3015deb0af03541558c089f2a37c95', 'sabariraam.skuttu@gmail.com', '', 'A', 0, 0, 221, NULL, 'home'),
(222, 'Girija', '', 'no-email', '', 'V', 0, 0, 221, '2016-10-08 02:15:25', 'home'),
(223, 'Sethu Raman', '', 'no-email', '', 'V', 0, 0, 221, '2016-10-08 02:15:25', 'home'),
(224, 'chindukrishna', '9cb67ffb59554ab1dabb65bcb370ddd9', 'chindukrishn.a@gmail.com', '', 'A', 1, 0, 224, NULL, 'home'),
(225, 'Mother', '', 'no-email', '', 'V', 0, 0, 224, '2016-10-09 17:30:26', 'home'),
(226, 'Father', '', 'no-email', '', 'V', 0, 0, 224, '2016-10-09 17:30:26', 'home'),
(227, 'Abilash P Pillai', '', '', '', 'V', 0, 0, 224, '2016-10-09 18:26:00', 'home'),
(228, 'Sachin', '', '', '', 'V', 0, 0, 224, '2016-10-09 18:26:00', 'home'),
(229, 'Harisankar', '23ff85b546a5799d4840c6520e2b7b53', 'harisanker121@gmail.com', '', 'A', 1, 0, 229, NULL, 'home'),
(230, 'SOBHA', '', 'no-email', '', 'V', 0, 0, 229, '2016-10-11 13:11:23', 'home'),
(231, 'HARI', '', 'no-email', '', 'V', 0, 0, 229, '2016-10-11 13:11:23', 'home'),
(232, 'Gopalan Nair', '', '', '', 'V', 0, 0, 0, NULL, 'home'),
(233, 'MayaVathy', '', '', '', 'V', 0, 0, 1, '2016-10-11 18:59:21', 'home'),
(234, 'vineetha', '81dc9bdb52d04dc20036dbd8313ed055', 'vineetha@test.com', '', 'A', 1, 0, 234, NULL, 'home'),
(235, 'Lathika', '', 'no-email', '', 'V', 0, 0, 234, '2016-10-11 21:03:11', 'home'),
(236, 'Anandhan', '', 'no-email', '', 'V', 0, 0, 234, '2016-10-11 21:03:11', 'home'),
(237, 'no_name', '', 'no_email', '', 'V', 0, 0, 234, '2016-10-11 21:29:33', 'home'),
(238, 'no_name', '', 'no_email', '', 'V', 0, 0, 234, '2016-10-11 21:29:33', 'home'),
(239, 'sreemathi', '5fa97a70620587e79ad0d86590aec1b1', 'sreemathi005@gmail.com', '', 'A', 1, 0, 239, NULL, 'home'),
(240, 'Jamuna Kanagaraj', '', 'no-email', '', 'V', 0, 0, 239, '2016-10-13 02:11:06', 'home'),
(241, 'Kanagaraj', '', 'no-email', '', 'V', 0, 0, 239, '2016-10-13 02:11:06', 'home'),
(242, 'kavisree', '', '', '', 'V', 0, 0, 239, '2016-10-13 02:21:05', 'home'),
(243, '', '', '', '', 'V', 0, 0, 239, '2016-10-13 02:34:25', 'home'),
(244, 'Nithyanandan', '', '', '', 'V', 0, 0, 239, '2016-10-13 02:35:08', 'home'),
(245, 'Sathiyanathan', '', '', '', 'V', 0, 0, 0, NULL, 'home'),
(246, 'Lingammal', '', '', '', 'V', 0, 0, 239, '2016-10-13 02:47:41', 'home'),
(247, 'Roshni', 'd41d8cd98f00b204e9800998ecf8427e', 'Roshnisugathan95@gmail.com', '', 'V', 0, 0, 0, NULL, 'home'),
(248, 'Tamil', '471d5d4a095af17ea7e207ee31b99d74', 'tamilnithi.13@gmail.com', '', 'A', 1, 0, 248, NULL, 'home'),
(249, 'Lakashmi', '', 'no-email', '', 'V', 0, 0, 248, '2016-10-17 23:46:56', 'home'),
(250, 'nachimuthu', '', 'no-email', '', 'V', 0, 0, 248, '2016-10-17 23:46:56', 'home'),
(251, 'Nithyanandan', '', '', '', 'V', 0, 0, 248, '2016-10-17 23:48:50', 'home'),
(252, 'Mahendiran', '', '', '', 'V', 0, 0, 248, '2016-10-17 23:48:50', 'home'),
(253, 'Merlin', '81dc9bdb52d04dc20036dbd8313ed055', 'merlin.james@test.com', '', 'A', 1, 0, 253, NULL, 'home'),
(254, 'Maria', '', 'no-email', '', 'V', 0, 0, 253, '2016-10-18 00:41:31', 'home'),
(255, 'Jacob', '', 'no-email', '', 'V', 0, 0, 253, '2016-10-18 00:41:31', 'home'),
(256, 'James', '', '', '', 'V', 0, 0, 253, '2016-10-18 00:42:28', 'home'),
(257, 'Jhon', '', '', '', 'V', 0, 0, 253, '2016-10-18 00:42:28', 'home'),
(258, 'Mercy', '', '', '', 'V', 0, 0, 253, '2016-10-18 00:42:28', 'home'),
(259, 'Peter', '', '', '', 'V', 0, 0, 253, '2016-10-18 00:42:28', 'home'),
(260, 'Liz', '', '', '', 'V', 0, 0, 253, '2016-10-18 00:42:28', 'home'),
(261, 'Mahesh', '', '', '', 'V', 0, 0, 248, '2016-10-18 22:06:45', 'home'),
(262, 'lipin', 'd41d8cd98f00b204e9800998ecf8427e', 'lazarlipin@gmail.com', '', 'V', 0, 0, 0, NULL, 'home'),
(263, 'vijo', 'dcfce5486b567ad591094fe7ece5291b', 'vijopjoy@gmail.com', '', 'A', 1, 0, 263, NULL, 'home'),
(264, '', '', 'no-email', '', 'V', 0, 0, 263, '2016-10-19 18:30:35', 'home'),
(265, 'joy', '', 'no-email', '', 'V', 0, 0, 263, '2016-10-19 18:30:35', 'home'),
(266, 'no_name', '', 'no_email', '', 'V', 0, 0, 263, '2016-10-19 18:31:36', 'home'),
(267, 'Deepika', '', '', '', 'V', 0, 0, 248, '2016-10-19 21:38:45', 'home'),
(268, 'Anu', '81dc9bdb52d04dc20036dbd8313ed055', 'ms.anu63@gmail.com', '', 'A', 1, 0, 268, NULL, 'home'),
(269, 'Sulochana', '', 'no-email', '', 'V', 0, 0, 268, '2016-10-27 19:36:35', 'home'),
(270, 'Mohanan', '', 'no-email', '', 'V', 0, 0, 268, '2016-10-27 19:36:35', 'home'),
(271, 'Aneesh', '', '', '', 'V', 0, 0, 268, '2016-10-27 19:44:43', 'home'),
(272, '', '9365ae980268ef00988a8048fa732226', 'aryakrishnan898@gmail.com', '', 'V', 0, 0, 272, '2016-10-27 19:49:21', 'home'),
(273, '', 'dba132f6ab6a3e3d17a8d59e82105f4c', 'sukanyaks77@yahoo.com', '', 'V', 0, 0, 273, '2016-10-27 19:50:16', 'home'),
(274, '', '', '', '', 'V', 0, 0, 248, '2016-10-28 02:25:50', 'home'),
(275, 'Eswaran', '', '', '', 'V', 0, 0, 248, '2016-10-28 02:27:50', 'home'),
(276, 'Vinas vergish', 'd41d8cd98f00b204e9800998ecf8427e', 'Vinasvergish@gmail.com', '', 'V', 0, 0, 0, NULL, 'home'),
(277, 'vignesh', 'd41d8cd98f00b204e9800998ecf8427e', 'vignesh@test.com', '', 'V', 0, 0, 0, NULL, 'home'),
(278, 'Jins', 'd7d64f2a4a1ec34b8d2fc283d395ba42', 'jinskadamthodu2k15@gmail.com', '', 'A', 0, 0, 278, NULL, 'home'),
(279, 'Mercy Sebastian', '', 'no-email', '', 'V', 0, 0, 278, '2016-11-03 21:01:10', 'home'),
(280, 'Sebastian Joseph', '', 'no-email', '', 'V', 0, 0, 278, '2016-11-03 21:01:10', 'home'),
(281, 'Anandu', 'd41d8cd98f00b204e9800998ecf8427e', 'anandusuresh001@gmail.com', '', 'V', 0, 0, 0, NULL, 'home'),
(282, 'Diga', 'd41d8cd98f00b204e9800998ecf8427e', 'diga@maileme101.com', '', 'V', 0, 0, 0, NULL, 'home'),
(283, 'klk', '26a41476bb9cfc6f4a40349f3b1cd022', 'mahi@stromox.com', '', 'A', 0, 0, 283, NULL, 'home'),
(284, 'makka', '', 'no-email', '', 'V', 0, 0, 283, '2016-11-07 18:15:42', 'home'),
(285, 'jijnj', '', 'no-email', '', 'V', 0, 0, 283, '2016-11-07 18:15:42', 'home'),
(286, 'binu sunil', 'd41d8cd98f00b204e9800998ecf8427e', 'binu.sunil@gmail.com', '', 'V', 0, 0, 0, NULL, 'home'),
(287, 'ajith', 'c8258f556ecaae29bfd857e754d30cbe', 'cayusus@dr69.site', '', 'A', 0, 0, 287, NULL, 'home'),
(288, '', '', 'no-email', '', 'V', 0, 0, 287, '2016-11-18 06:56:02', 'home'),
(289, '', '', 'no-email', '', 'V', 0, 0, 287, '2016-11-18 06:56:02', 'home'),
(290, 'ajithpynadan', '5e7deff15c18270e844dfbb2fed93070', 'xegi@9me.site', '', 'A', 0, 0, 290, NULL, 'home'),
(291, '', '', 'no-email', '', 'V', 0, 0, 290, '2016-12-01 21:27:19', 'home'),
(292, '', '', 'no-email', '', 'V', 0, 0, 290, '2016-12-01 21:27:19', 'home'),
(293, 'Anushya', '81dc9bdb52d04dc20036dbd8313ed055', 'anushya@test.com', '', 'A', 0, 0, 293, NULL, 'home'),
(294, 'Renu', '', 'no-email', '', 'V', 0, 0, 293, '2016-12-01 22:58:55', 'home'),
(295, 'Ravi', '', 'no-email', '', 'V', 0, 0, 293, '2016-12-01 22:58:55', 'home'),
(296, 'Kp', '81dc9bdb52d04dc20036dbd8313ed055', 'kp@test.com', '', 'A', 1, 0, 296, NULL, 'home'),
(297, 'Jani', '', 'no-email', '', 'V', 0, 0, 296, '2016-12-20 19:07:32', 'home'),
(298, 'Vp', '', 'no-email', '', 'V', 0, 0, 296, '2016-12-20 19:07:32', 'home'),
(299, 'Maria', '', 'maria@test.com', '', 'V', 0, 0, 296, '2016-12-20 19:08:36', 'home'),
(300, 'no_name', '', 'no_email', '', 'V', 0, 0, 296, '2016-12-20 19:08:36', 'home'),
(301, 'no_name', '', 'no_email', '', 'V', 0, 0, 296, '2016-12-20 19:08:36', 'home'),
(302, 'no_name', '', 'no_email', '', 'V', 0, 0, 296, '2016-12-20 19:08:36', 'home'),
(303, 'no_name', '', 'no_email', '', 'V', 0, 0, 296, '2016-12-20 19:08:36', 'home'),
(304, 'no_name', '', 'no_email', '', 'V', 0, 0, 296, '2016-12-20 19:08:36', 'home'),
(305, 'Deepu M', 'f19e2728f55e61a7b1b00cbaefa1a2ab', 'deepumohandas2@gmail.com', '', 'A', 1, 0, 305, NULL, 'family'),
(306, 'Retnamma V', '', 'no-email', '', 'V', 0, 0, 305, '2016-12-21 19:08:15', 'home'),
(307, 'Mohandas C G', '', 'no-email', '', 'V', 0, 0, 305, '2016-12-21 19:08:15', 'home'),
(308, 'Deepthy M', '', 'deep88thy@gmail.com', '', 'V', 0, 0, 305, '2016-12-21 19:17:08', 'home'),
(309, 'R Govindan Nair', '', '', '', 'V', 0, 0, 305, '2016-12-21 19:20:24', 'home'),
(310, 'Velayudhan Nair', '', '', '', 'V', 0, 0, 0, NULL, 'home'),
(311, 'Kalyani Amma', '', '', '', 'V', 0, 0, 305, '2016-12-21 19:22:33', 'home'),
(312, 'June', 'd41d8cd98f00b204e9800998ecf8427e', 'juhejin@9me.site', '', 'V', 0, 0, 0, NULL, 'home'),
(313, 'jack', '4c912787bf7e31458ce4c9ed410ae0d8', 'mucrafroga@housat.com', '', 'A', 0, 0, 313, NULL, 'home'),
(314, 'gsg', '', 'no-email', '', 'V', 0, 0, 313, '2016-12-30 03:34:44', 'home'),
(315, 'ds', '', 'no-email', '', 'V', 0, 0, 313, '2016-12-30 03:34:44', 'home'),
(316, 'Remya', 'd41d8cd98f00b204e9800998ecf8427e', 'remya@test.com', NULL, 'V', NULL, NULL, NULL, NULL, 'home'),
(317, 'Dr.Sindhu', NULL, '', NULL, 'V', NULL, NULL, 224, '2017-05-24 20:08:38', 'home'),
(318, 'Dr Sindhu', NULL, '', NULL, 'V', NULL, NULL, 224, '2017-05-24 20:08:57', 'home'),
(319, 'Dr Deepthi', NULL, '', NULL, 'V', NULL, NULL, 224, '2017-05-24 20:09:14', 'home'),
(320, 'anupama', 'd41d8cd98f00b204e9800998ecf8427e', 'anupama@test.com', NULL, 'V', NULL, NULL, NULL, NULL, 'home'),
(321, 'sreedevi', 'd41d8cd98f00b204e9800998ecf8427e', 'sreedevikj@test.com', NULL, 'V', NULL, NULL, NULL, NULL, 'home'),
(322, 'sunandha', 'e10adc3949ba59abbe56e057f20f883e', 'sunandha@test.com', NULL, 'A', 1, NULL, 322, NULL, 'home'),
(323, 'Suma', NULL, 'no-email', NULL, 'V', NULL, NULL, 322, '2017-07-20 18:22:55', 'home'),
(324, 'Suma', NULL, 'no-email', NULL, 'V', NULL, NULL, 322, '2017-07-20 18:25:41', 'home'),
(325, 'Suma', NULL, 'no-email', NULL, 'V', NULL, NULL, 322, '2017-07-20 18:26:30', 'home'),
(326, 'Sajeev', NULL, 'no-email', NULL, 'V', NULL, NULL, 322, '2017-07-20 18:26:30', 'home'),
(327, 'Sanju', NULL, 'sanjuvm@test.com', NULL, 'V', NULL, NULL, 322, '2017-07-20 18:28:16', 'home'),
(328, 'Sreejith', NULL, '', NULL, 'V', NULL, NULL, 322, '2017-07-20 18:28:16', 'home'),
(329, 'Shyam', NULL, '', NULL, 'V', NULL, NULL, 322, '2017-07-20 18:28:16', 'home'),
(330, 'Seema', NULL, '', NULL, 'V', NULL, NULL, 322, '2017-07-20 18:28:16', 'home'),
(331, 'Sunitha', NULL, '', NULL, 'V', NULL, NULL, 322, '2017-07-20 18:28:16', 'home'),
(332, 'Vishnu', NULL, '', NULL, 'V', NULL, NULL, 322, '2017-07-20 18:28:16', 'home'),
(333, 'Vidhya', NULL, '', NULL, 'V', NULL, NULL, 322, '2017-07-20 18:28:16', 'home'),
(334, 'Madhavan', NULL, '', NULL, 'V', NULL, NULL, 322, '2017-07-20 18:33:13', 'home'),
(335, 'Manoj', NULL, '', NULL, 'V', NULL, NULL, 322, '2017-07-20 18:33:49', 'home'),
(336, 'Midhun', NULL, '', NULL, 'V', NULL, NULL, 322, '2017-07-20 18:34:12', 'home'),
(337, 'Malavika', NULL, '', NULL, 'V', NULL, NULL, 322, '2017-07-20 18:34:59', 'home'),
(338, 'Indhuja', NULL, '', NULL, 'V', NULL, NULL, 322, '2017-07-20 18:35:30', 'home'),
(339, 'Indrajith', NULL, '', NULL, 'V', NULL, NULL, 322, '2017-07-20 18:35:48', 'home'),
(340, 'Divya', NULL, '', NULL, 'V', NULL, NULL, 322, '2017-07-20 18:36:24', 'home'),
(341, 'Sanjana', NULL, '', NULL, 'V', NULL, NULL, 322, '2017-07-20 18:38:47', 'home'),
(342, 'Deethya', NULL, '', NULL, 'V', NULL, NULL, 322, '2017-07-20 18:39:10', 'home'),
(343, 'Amal', NULL, '', NULL, 'V', NULL, NULL, 322, '2017-07-20 18:39:31', 'home'),
(344, 'RahuL', 'd41d8cd98f00b204e9800998ecf8427e', 'rahul@dispostable.com', NULL, 'V', NULL, NULL, NULL, NULL, 'home'),
(345, 'Tamilselvi Nithyanandan', '5bf13d024548914ba474bcdebf91371f', 'tamilselvinithyanandan@gmail.com', NULL, 'A', 1, NULL, 345, NULL, 'home'),
(346, 'Lakshmi', NULL, 'no-email', NULL, 'V', NULL, NULL, 345, '2017-12-05 19:56:57', 'home'),
(347, 'Nahimuthu', NULL, 'no-email', NULL, 'V', NULL, NULL, 345, '2017-12-05 19:56:57', 'home'),
(348, 'Nithyanandan', NULL, 'nithiyananthan2008@gmail.com', NULL, 'V', NULL, NULL, 345, '2017-12-05 20:05:05', 'home'),
(349, 'no_name', NULL, 'no_email', NULL, 'V', NULL, NULL, 345, '2017-12-05 20:05:05', 'home'),
(350, 'Chandu J S', '16fafa124ca818218acfd4f5b62d4e10', 'chandu.inometrics@gmail.com', NULL, 'A', 1, NULL, 350, NULL, 'home'),
(351, '', NULL, 'no-email', NULL, 'V', NULL, NULL, 350, '2017-12-13 18:37:12', 'home'),
(352, '', NULL, 'no-email', NULL, 'V', NULL, NULL, 350, '2017-12-13 18:37:12', 'home'),
(353, 'Sindhu S M', NULL, 'no-email', NULL, 'V', NULL, NULL, 350, '2017-12-13 18:39:12', 'home'),
(354, 'Jayachandran Nair K', NULL, 'no-email', NULL, 'V', NULL, NULL, 350, '2017-12-13 18:39:12', 'home'),
(355, 'no_name', NULL, 'no_email', NULL, 'V', NULL, NULL, 350, '2017-12-13 18:42:42', 'home'),
(356, 'siva sankari', '3df0790ce1577e16f486238f7c7efcce', 'sivasankari@inometrics.com', NULL, 'A', 1, NULL, 356, NULL, 'home'),
(357, 'Jeya Sree K R', NULL, 'no-email', NULL, 'V', NULL, NULL, 356, '2019-05-13 21:23:21', 'home'),
(358, 'Jeya prakash S', NULL, 'no-email', NULL, 'V', NULL, NULL, 356, '2019-05-13 21:23:21', 'home'),
(359, 'sankar narayanan nair', NULL, '', NULL, 'V', NULL, NULL, 356, '2019-05-13 21:29:14', 'home'),
(360, 'rama krishnan pillai', NULL, 'chanki2819@gmail.com', NULL, 'V', NULL, NULL, 356, '2019-05-13 21:30:13', 'home'),
(361, NULL, '2f73168bf3656f697507752ec592c437', 'chanki2819@gmail.com', NULL, 'V', NULL, NULL, 361, '2019-05-13 09:38:28', 'home'),
(362, 'ambika', NULL, 'chanki2819@gmail.com', NULL, 'V', NULL, NULL, 356, '2019-05-13 21:42:13', 'home'),
(363, 'Arun', '748da2a3f9a3ef01529f296c617e8d27', 'arund091995@gmail.com', NULL, 'A', 1, NULL, 363, NULL, 'home'),
(366, 'Anil kumar', NULL, 'amruthainometrics@gmail.com', NULL, 'V', NULL, NULL, 363, '2019-05-15 20:49:52', 'home'),
(367, 'Amrutha', '827ccb0eea8a706c4c34a16891f84e7b', 'amruthainometrics@gmail.com', NULL, 'A', 1, NULL, 367, NULL, 'home'),
(368, 'Maaya devi', NULL, 'no-email', NULL, 'V', NULL, NULL, 367, '2019-05-15 21:43:08', 'home'),
(369, 'Anilkumar', NULL, 'no-email', NULL, 'V', NULL, NULL, 367, '2019-05-15 21:43:08', 'home'),
(370, 'Vinayak', NULL, 'amruthainometrics@gmail.com', NULL, 'V', NULL, NULL, 367, '2019-05-15 21:53:06', 'home'),
(371, 'Amirnath', NULL, 'arund091995@gmail.com', NULL, 'V', NULL, NULL, 367, '2019-05-15 22:02:46', 'home'),
(372, 'Cutiepie', NULL, 'ammusreesakthi@gmail.com', NULL, 'V', NULL, NULL, 367, '2019-05-15 22:07:11', 'home'),
(373, 'Janardhanan Pillai', '482c811da5d5b4bc6d497ffa98491e38', 'agn.inometrics@gmail.com', NULL, 'A', 1, NULL, 373, NULL, 'home'),
(374, '', NULL, 'no-email', NULL, 'V', NULL, NULL, 373, '2019-05-15 22:43:51', 'home'),
(375, '', NULL, 'no-email', NULL, 'V', NULL, NULL, 373, '2019-05-15 22:43:51', 'home'),
(376, 'Anil Kumar', NULL, '   ', NULL, 'V', NULL, NULL, 373, '2019-05-15 22:59:00', 'home'),
(377, 'Anil Kumar', NULL, 'amrutha@inometrics.com', NULL, 'V', NULL, NULL, 373, '2019-05-15 23:01:38', 'home'),
(378, 'Anil Kumar', NULL, 'amrutha@inometrics.com', NULL, 'V', NULL, NULL, 373, '2019-05-15 23:04:42', 'home'),
(379, '', NULL, '', NULL, 'V', NULL, NULL, 373, '2019-05-15 23:06:12', 'home'),
(380, 'Anil Kumar', '482c811da5d5b4bc6d497ffa98491e38', 'amrutha@inometrics.com', NULL, 'A', 1, NULL, 380, NULL, 'home'),
(381, '', NULL, 'no-email', NULL, 'V', NULL, NULL, 380, '2019-05-15 23:17:45', 'home'),
(382, '', NULL, 'no-email', NULL, 'V', NULL, NULL, 380, '2019-05-15 23:17:45', 'home'),
(383, 'Vinayak', NULL, 'arund091995@gmail.com', NULL, 'V', NULL, NULL, 380, '2019-05-16 22:41:55', 'home');

-- --------------------------------------------------------

--
-- Table structure for table `roottildb_user_activity`
--

CREATE TABLE `roottildb_user_activity` (
  `roottilDb_user_activity_id` int(11) NOT NULL,
  `roottilDb_user_id` int(11) DEFAULT NULL,
  `roottilDb_user_requestedto` int(11) DEFAULT NULL,
  `roottilDb_user_activity_created_date` timestamp NOT NULL DEFAULT CURRENT_TIMESTAMP,
  `roottilDb_user_activity_status` enum('1','0') NOT NULL DEFAULT '0',
  `roottilDb_user_activity_details` varchar(500) DEFAULT NULL
) ENGINE=InnoDB DEFAULT CHARSET=latin1;

--
-- Dumping data for table `roottildb_user_activity`
--

INSERT INTO `roottildb_user_activity` (`roottilDb_user_activity_id`, `roottilDb_user_id`, `roottilDb_user_requestedto`, `roottilDb_user_activity_created_date`, `roottilDb_user_activity_status`, `roottilDb_user_activity_details`) VALUES
(1, 1, 0, '2016-09-24 01:22:38', '0', 'requested for new relation'),
(2, 1, 0, '2016-09-24 01:22:38', '0', 'requested for new relation'),
(3, 1, 0, '2016-09-24 01:22:38', '0', 'requested for new relation'),
(4, 1, 0, '2016-09-24 01:22:38', '0', 'requested for new relation'),
(5, 1, 0, '2016-09-24 01:22:38', '0', 'requested for new relation'),
(6, 1, 0, '2016-09-24 01:22:38', '0', 'requested for new relation'),
(7, 1, 0, '2016-09-24 01:22:38', '0', 'requested for new relation'),
(8, 1, 9, '2016-09-23 13:29:20', '0', 'send new invitation'),
(9, 9, 0, '2016-09-24 01:39:12', '0', 'requested for new relation'),
(10, 9, 0, '2016-09-24 01:39:12', '0', 'requested for new relation'),
(11, 9, 0, '2016-09-24 01:39:12', '0', 'requested for new relation'),
(12, 9, 0, '2016-09-24 01:39:12', '0', 'requested for new relation'),
(13, 9, 0, '2016-09-24 01:39:12', '0', 'requested for new relation'),
(14, 16, 0, '2016-09-24 08:20:49', '0', 'requested for new relation'),
(15, 16, 0, '2016-09-24 08:20:49', '0', 'requested for new relation'),
(16, 16, 0, '2016-09-24 08:20:49', '0', 'requested for new relation'),
(17, 22, 0, '2016-09-26 17:51:05', '0', 'requested for new relation'),
(18, 22, 0, '2016-09-26 17:51:05', '0', 'requested for new relation'),
(19, 22, 0, '2016-09-26 17:51:05', '0', 'requested for new relation'),
(20, 33, 0, '2016-09-26 20:06:59', '0', 'requested for new relation'),
(21, 33, 0, '2016-09-26 20:06:59', '0', 'requested for new relation'),
(22, 33, 0, '2016-09-26 20:06:59', '0', 'requested for new relation'),
(23, 33, 0, '2016-09-26 20:06:59', '0', 'requested for new relation'),
(24, 33, 0, '2016-09-26 20:06:59', '0', 'requested for new relation'),
(25, 33, 0, '2016-09-26 20:06:59', '0', 'requested for new relation'),
(26, 33, 0, '2016-09-26 20:06:59', '0', 'requested for new relation'),
(27, 22, 0, '2016-09-26 20:15:49', '0', 'changed profile picture'),
(28, 41, 0, '2016-09-26 21:21:34', '0', 'requested for new relation'),
(29, 41, 0, '2016-09-26 21:21:34', '0', 'requested for new relation'),
(30, 22, 0, '2016-09-26 21:40:58', '0', 'created a new group'),
(31, 22, 0, '2016-09-26 21:47:29', '0', 'created a new group'),
(32, 22, 0, '2016-09-26 21:48:20', '0', 'added new post to the group'),
(33, 22, 0, '2016-09-26 21:48:43', '0', 'added new post to the group'),
(34, 22, 0, '2016-09-26 21:49:13', '0', 'added new post to the group'),
(35, 1, 0, '2016-09-26 22:39:35', '0', 'added new post to the group'),
(36, 1, 0, '2016-09-26 23:01:24', '0', 'shared a new post'),
(37, 41, 0, '2016-09-27 00:13:23', '0', 'changed cover photo'),
(38, 41, 0, '2016-09-27 02:05:41', '0', 'changed cover photo'),
(39, 41, 0, '2016-09-27 02:07:06', '0', 'changed profile picture'),
(40, 45, 0, '2016-09-27 17:18:47', '0', 'requested for new relation'),
(41, 45, 0, '2016-09-27 17:18:47', '0', 'requested for new relation'),
(42, 45, 0, '2016-09-27 17:18:47', '0', 'requested for new relation'),
(43, 45, 0, '2016-09-27 17:18:47', '0', 'requested for new relation'),
(44, 45, 0, '2016-09-27 17:18:47', '0', 'requested for new relation'),
(45, 45, 0, '2016-09-27 17:18:47', '0', 'requested for new relation'),
(46, 45, 0, '2016-09-27 17:18:47', '0', 'requested for new relation'),
(47, 53, 0, '2016-09-27 17:40:04', '0', 'requested for new relation'),
(48, 53, 0, '2016-09-27 17:40:04', '0', 'requested for new relation'),
(49, 53, 0, '2016-09-27 17:40:04', '0', 'requested for new relation'),
(50, 53, 0, '2016-09-27 17:40:04', '0', 'requested for new relation'),
(51, 53, 0, '2016-09-27 17:40:04', '0', 'requested for new relation'),
(52, 53, 0, '2016-09-27 17:40:04', '0', 'requested for new relation'),
(53, 53, 0, '2016-09-27 17:40:04', '0', 'requested for new relation'),
(54, 53, 0, '2016-09-27 17:40:04', '0', 'requested for new relation'),
(55, 53, 0, '2016-09-27 17:41:42', '0', 'changed profile picture'),
(56, 53, 0, '2016-09-27 17:43:25', '0', 'changed cover photo'),
(57, 53, 0, '2016-09-27 17:56:31', '0', 'changed cover photo'),
(58, 53, 0, '2016-09-27 17:57:35', '0', 'changed cover photo'),
(59, 41, 0, '2016-09-27 18:25:33', '0', 'requested for new relation'),
(60, 41, 0, '2016-09-27 18:25:56', '0', 'requested for new relation'),
(61, 41, 0, '2016-09-27 18:26:08', '0', 'requested for new relation'),
(62, 65, 0, '2016-09-27 18:43:21', '0', 'requested for new relation'),
(63, 65, 0, '2016-09-27 18:43:21', '0', 'requested for new relation'),
(64, 65, 0, '2016-09-27 18:43:21', '0', 'requested for new relation'),
(65, 65, 0, '2016-09-27 18:43:21', '0', 'requested for new relation'),
(66, 65, 0, '2016-09-27 18:43:21', '0', 'requested for new relation'),
(67, 65, 0, '2016-09-27 18:43:21', '0', 'requested for new relation'),
(68, 65, 0, '2016-09-27 18:43:21', '0', 'requested for new relation'),
(69, 73, 0, '2016-09-27 18:53:08', '0', 'requested for new relation'),
(70, 73, 0, '2016-09-27 18:53:08', '0', 'requested for new relation'),
(71, 73, 0, '2016-09-27 18:53:08', '0', 'requested for new relation'),
(72, 73, 0, '2016-09-27 18:53:08', '0', 'requested for new relation'),
(73, 73, 0, '2016-09-27 18:53:08', '0', 'requested for new relation'),
(74, 73, 0, '2016-09-27 18:53:08', '0', 'requested for new relation'),
(75, 73, 0, '2016-09-27 18:53:08', '0', 'requested for new relation'),
(76, 22, 0, '2016-09-27 19:05:12', '0', 'created a new group'),
(77, 81, 0, '2016-09-27 21:04:59', '0', 'requested for new relation'),
(78, 81, 0, '2016-09-27 21:04:59', '0', 'requested for new relation'),
(79, 41, 0, '2016-09-27 21:27:32', '0', 'changed cover photo'),
(80, 84, 0, '2016-09-27 23:32:53', '0', 'requested for new relation'),
(81, 84, 0, '2016-09-27 23:32:53', '0', 'requested for new relation'),
(82, 1, 0, '2016-09-28 02:13:10', '0', 'changed cover photo'),
(83, 87, 0, '2016-09-28 04:03:30', '0', 'requested for new relation'),
(84, 87, 0, '2016-09-28 04:03:30', '0', 'requested for new relation'),
(85, 90, 0, '2016-09-28 18:52:04', '0', 'requested for new relation'),
(86, 90, 0, '2016-09-28 18:52:04', '0', 'requested for new relation'),
(87, 90, 0, '2016-09-28 18:52:04', '0', 'requested for new relation'),
(88, 90, 0, '2016-09-28 18:52:04', '0', 'requested for new relation'),
(89, 90, 0, '2016-09-28 18:52:04', '0', 'requested for new relation'),
(90, 90, 0, '2016-09-28 18:52:04', '0', 'requested for new relation'),
(91, 90, 0, '2016-09-28 18:52:04', '0', 'requested for new relation'),
(92, 22, 0, '2016-09-28 22:26:37', '0', 'requested for new relation'),
(93, 99, 0, '2016-09-29 22:42:37', '0', 'requested for new relation'),
(94, 99, 0, '2016-09-29 22:42:37', '0', 'requested for new relation'),
(95, 99, 0, '2016-09-29 22:42:37', '0', 'requested for new relation'),
(96, 99, 0, '2016-09-29 22:42:37', '0', 'requested for new relation'),
(97, 99, 0, '2016-09-29 22:47:04', '0', 'changed profile picture'),
(98, 104, 0, '2016-09-30 02:04:01', '0', 'requested for new relation'),
(99, 104, 0, '2016-09-30 02:04:01', '0', 'requested for new relation'),
(100, 104, 0, '2016-09-30 02:05:35', '0', 'requested for new relation'),
(101, 104, 0, '2016-09-30 02:05:35', '0', 'requested for new relation'),
(102, 104, 0, '2016-09-30 02:05:35', '0', 'requested for new relation'),
(103, 104, 0, '2016-09-30 02:05:35', '0', 'requested for new relation'),
(104, 104, 0, '2016-09-30 02:05:35', '0', 'requested for new relation'),
(105, 104, 0, '2016-09-30 02:05:35', '0', 'requested for new relation'),
(106, 113, 0, '2016-09-30 04:45:16', '0', 'requested for new relation'),
(107, 113, 0, '2016-09-30 04:45:16', '0', 'requested for new relation'),
(108, 116, 0, '2016-09-30 18:17:02', '0', 'requested for new relation'),
(109, 116, 0, '2016-09-30 18:17:02', '0', 'requested for new relation'),
(110, 116, 0, '2016-09-30 18:19:39', '0', 'requested for new relation'),
(111, 116, 0, '2016-09-30 18:19:39', '0', 'requested for new relation'),
(112, 116, 0, '2016-09-30 18:19:39', '0', 'requested for new relation'),
(113, 116, 0, '2016-09-30 18:19:39', '0', 'requested for new relation'),
(114, 116, 0, '2016-09-30 18:19:39', '0', 'requested for new relation'),
(115, 41, 125, '2016-09-30 18:33:15', '0', 'send new invitation'),
(116, 124, 0, '2016-09-30 18:37:09', '0', 'requested for new relation'),
(117, 124, 0, '2016-09-30 18:37:09', '0', 'requested for new relation'),
(118, 129, 0, '2016-09-30 21:21:23', '0', 'requested for new relation'),
(119, 129, 0, '2016-09-30 21:21:23', '0', 'requested for new relation'),
(120, 132, 0, '2016-10-01 03:13:19', '0', 'requested for new relation'),
(121, 132, 0, '2016-10-01 03:13:19', '0', 'requested for new relation'),
(122, 132, 0, '2016-10-01 03:14:20', '0', 'requested for new relation'),
(123, 132, 0, '2016-10-01 03:14:20', '0', 'requested for new relation'),
(124, 132, 0, '2016-10-01 03:14:20', '0', 'requested for new relation'),
(125, 132, 0, '2016-10-01 03:14:20', '0', 'requested for new relation'),
(126, 132, 0, '2016-10-01 03:14:20', '0', 'requested for new relation'),
(127, 132, 0, '2016-10-01 03:14:20', '0', 'requested for new relation'),
(128, 141, 0, '2016-10-01 07:15:18', '0', 'requested for new relation'),
(129, 141, 0, '2016-10-01 07:15:18', '0', 'requested for new relation'),
(130, 144, 0, '2016-10-02 20:15:56', '0', 'requested for new relation'),
(131, 144, 0, '2016-10-02 20:15:56', '0', 'requested for new relation'),
(132, 147, 0, '2016-10-03 17:45:56', '0', 'requested for new relation'),
(133, 147, 0, '2016-10-03 17:45:56', '0', 'requested for new relation'),
(134, 147, 0, '2016-10-03 17:58:53', '0', 'requested for new relation'),
(135, 147, 0, '2016-10-03 17:58:53', '0', 'requested for new relation'),
(136, 147, 0, '2016-10-03 17:58:53', '0', 'requested for new relation'),
(137, 147, 0, '2016-10-03 18:00:11', '0', 'changed profile picture'),
(138, 147, 0, '2016-10-03 18:02:58', '0', 'changed cover photo'),
(139, 147, 0, '2016-10-03 18:03:57', '0', 'changed cover photo'),
(140, 0, 99, '2016-10-03 18:05:30', '0', 'send new invitation'),
(141, 0, 99, '2016-10-03 18:06:56', '0', 'send new invitation'),
(142, 0, 124, '2016-10-03 18:07:54', '0', 'send new invitation'),
(143, 147, 0, '2016-10-03 18:14:09', '0', 'changed cover photo'),
(144, 147, 0, '2016-10-03 18:14:24', '0', 'changed cover photo'),
(145, 147, 0, '2016-10-03 18:14:45', '0', 'changed cover photo'),
(146, 147, 0, '2016-10-03 18:14:58', '0', 'changed cover photo'),
(147, 147, 0, '2016-10-03 18:15:10', '0', 'changed cover photo'),
(148, 0, 124, '2016-10-03 19:27:09', '0', 'send new invitation'),
(149, 147, 0, '2016-10-03 20:19:39', '0', 'joined to new group'),
(150, 147, 0, '2016-10-03 21:43:32', '0', 'joined to new group'),
(151, 147, 0, '2016-10-03 21:46:01', '0', 'joined to new group'),
(152, 147, 0, '2016-10-03 21:55:48', '0', 'created a new group'),
(153, 147, 0, '2016-10-03 23:22:26', '0', 'changed cover photo'),
(154, 152, 0, '2016-10-04 00:27:06', '0', 'changed profile picture'),
(155, 147, 0, '2016-10-04 00:29:53', '0', 'changed cover photo'),
(156, 99, 0, '2016-10-04 00:33:47', '0', 'joined to new group'),
(157, 0, 22, '2016-10-04 00:37:35', '0', 'send new invitation'),
(158, 99, 153, '2016-10-03 12:38:29', '0', 'send new invitation'),
(159, 0, 153, '2016-10-04 00:38:58', '0', 'send new invitation'),
(160, 41, 0, '2016-10-04 01:34:52', '0', 'requested for new relation'),
(161, 155, 0, '2016-10-04 19:25:09', '0', 'requested for new relation'),
(162, 155, 0, '2016-10-04 19:25:09', '0', 'requested for new relation'),
(163, 0, 99, '2016-10-04 19:30:14', '0', 'send new invitation'),
(164, 155, 0, '2016-10-04 20:19:39', '0', 'created a new album'),
(165, 155, 0, '2016-10-04 20:24:50', '0', 'changed cover photo'),
(166, 155, 0, '2016-10-04 20:25:42', '0', 'changed cover photo'),
(167, 158, 0, '2016-10-04 22:01:12', '0', 'requested for new relation'),
(168, 158, 0, '2016-10-04 22:01:12', '0', 'requested for new relation'),
(169, 158, 0, '2016-10-04 22:02:15', '0', 'requested for new relation'),
(170, 158, 0, '2016-10-04 22:02:15', '0', 'requested for new relation'),
(171, 158, 0, '2016-10-04 22:02:15', '0', 'requested for new relation'),
(172, 0, 33, '2016-10-04 22:02:38', '0', 'send new invitation'),
(173, 155, 0, '2016-10-04 22:02:58', '0', 'requested for new relation'),
(174, 0, 31, '2016-10-04 22:03:11', '0', 'send new invitation'),
(175, 155, 0, '2016-10-04 22:03:52', '0', 'requested for new relation'),
(176, 158, 167, '2016-10-04 10:04:24', '0', 'send new invitation'),
(177, 155, 0, '2016-10-04 22:04:55', '0', 'requested for new relation'),
(178, 155, 0, '2016-10-04 22:06:22', '0', 'changed profile picture'),
(179, 155, 0, '2016-10-04 22:09:17', '0', 'requested for new relation'),
(180, 0, 33, '2016-10-04 22:15:58', '0', 'send new invitation'),
(181, 158, 170, '2016-10-04 10:33:21', '0', 'send new invitation'),
(182, 158, 171, '2016-10-04 10:34:57', '0', 'send new invitation'),
(183, 158, 172, '2016-10-04 10:38:25', '0', 'send new invitation'),
(184, 155, 0, '2016-10-04 22:43:59', '0', 'created a new album'),
(185, 155, 0, '2016-10-05 00:26:17', '0', 'requested for new relation'),
(186, 155, 0, '2016-10-05 00:26:57', '0', 'requested for new relation'),
(187, 41, 0, '2016-10-05 17:11:15', '0', 'requested for new relation'),
(188, 41, 0, '2016-10-05 17:13:06', '0', 'requested for new relation'),
(189, 177, 0, '2016-10-05 17:49:08', '0', 'requested for new relation'),
(190, 177, 0, '2016-10-05 17:49:08', '0', 'requested for new relation'),
(191, 41, 0, '2016-10-05 23:37:39', '0', 'requested for new relation'),
(192, 41, 0, '2016-10-06 01:27:29', '0', 'created a new album'),
(193, 41, 0, '2016-10-06 01:31:36', '0', 'created a new album'),
(194, 181, 0, '2016-10-06 01:39:17', '0', 'requested for new relation'),
(195, 181, 0, '2016-10-06 01:39:17', '0', 'requested for new relation'),
(196, 181, 0, '2016-10-06 01:41:19', '0', 'requested for new relation'),
(197, 181, 0, '2016-10-06 01:41:19', '0', 'requested for new relation'),
(198, 181, 0, '2016-10-06 01:41:42', '0', 'requested for new relation'),
(199, 181, 0, '2016-10-06 01:42:22', '0', 'requested for new relation'),
(200, 188, 0, '2016-10-06 01:46:20', '0', 'requested for new relation'),
(201, 188, 0, '2016-10-06 01:46:20', '0', 'requested for new relation'),
(202, 188, 0, '2016-10-06 01:46:59', '0', 'requested for new relation'),
(203, 188, 0, '2016-10-06 01:47:32', '0', 'requested for new relation'),
(204, 188, 0, '2016-10-06 18:02:00', '0', 'requested for new relation'),
(205, 194, 0, '2016-10-06 23:58:14', '0', 'requested for new relation'),
(206, 194, 0, '2016-10-06 23:58:14', '0', 'requested for new relation'),
(207, 194, 0, '2016-10-06 23:59:31', '0', 'requested for new relation'),
(208, 194, 0, '2016-10-06 23:59:31', '0', 'requested for new relation'),
(209, 199, 0, '2016-10-07 01:58:42', '0', 'requested for new relation'),
(210, 199, 0, '2016-10-07 01:58:42', '0', 'requested for new relation'),
(211, 202, 0, '2016-10-07 02:03:26', '0', 'requested for new relation'),
(212, 202, 0, '2016-10-07 02:03:26', '0', 'requested for new relation'),
(213, 205, 0, '2016-10-07 16:59:51', '0', 'requested for new relation'),
(214, 205, 0, '2016-10-07 16:59:51', '0', 'requested for new relation'),
(215, 205, 0, '2016-10-07 17:00:42', '0', 'requested for new relation'),
(216, 205, 0, '2016-10-07 17:00:42', '0', 'requested for new relation'),
(217, 210, 0, '2016-10-07 17:09:25', '0', 'requested for new relation'),
(218, 210, 0, '2016-10-07 17:09:25', '0', 'requested for new relation'),
(219, 210, 0, '2016-10-07 17:59:53', '0', 'requested for new relation'),
(220, 213, 0, '2016-10-07 18:00:43', '0', 'requested for new relation'),
(221, 213, 0, '2016-10-07 18:00:43', '0', 'requested for new relation'),
(222, 205, 0, '2016-10-07 18:51:53', '0', 'requested for new relation'),
(223, 205, 0, '2016-10-07 18:52:35', '0', 'requested for new relation'),
(224, 205, 0, '2016-10-07 18:52:57', '0', 'requested for new relation'),
(225, 205, 0, '2016-10-07 18:55:38', '0', 'requested for new relation'),
(226, 221, 0, '2016-10-08 02:15:25', '0', 'requested for new relation'),
(227, 221, 0, '2016-10-08 02:15:25', '0', 'requested for new relation'),
(228, 224, 0, '2016-10-09 17:30:26', '0', 'requested for new relation'),
(229, 224, 0, '2016-10-09 17:30:26', '0', 'requested for new relation'),
(230, 224, 0, '2016-10-09 18:26:00', '0', 'requested for new relation'),
(231, 224, 0, '2016-10-09 18:26:00', '0', 'requested for new relation'),
(232, 229, 0, '2016-10-11 13:11:23', '0', 'requested for new relation'),
(233, 229, 0, '2016-10-11 13:11:23', '0', 'requested for new relation'),
(234, 1, 0, '2016-10-11 18:59:21', '0', 'requested for new relation'),
(235, 234, 0, '2016-10-11 21:03:11', '0', 'requested for new relation'),
(236, 234, 0, '2016-10-11 21:03:11', '0', 'requested for new relation'),
(237, 234, 0, '2016-10-11 21:29:33', '0', 'requested for new relation'),
(238, 234, 0, '2016-10-11 21:29:33', '0', 'requested for new relation'),
(239, 239, 0, '2016-10-13 02:11:06', '0', 'requested for new relation'),
(240, 239, 0, '2016-10-13 02:11:06', '0', 'requested for new relation'),
(241, 239, 0, '2016-10-13 02:21:05', '0', 'requested for new relation'),
(242, 242, 0, '2016-10-13 02:23:04', '0', 'changed profile picture'),
(243, 239, 0, '2016-10-13 02:29:48', '0', 'created a new group'),
(244, 239, 0, '2016-10-13 02:32:45', '0', 'added new post to the group'),
(245, 239, 0, '2016-10-13 02:32:54', '0', 'added new post to the group'),
(246, 239, 0, '2016-10-13 02:34:25', '0', 'requested for new relation'),
(247, 239, 0, '2016-10-13 02:35:08', '0', 'requested for new relation'),
(248, 239, 0, '2016-10-12 07:00:00', '0', 'Added a new Event'),
(249, 239, 0, '2016-10-13 02:47:41', '0', 'requested for new relation'),
(250, 248, 0, '2016-10-17 23:46:56', '0', 'requested for new relation'),
(251, 248, 0, '2016-10-17 23:46:56', '0', 'requested for new relation'),
(252, 248, 0, '2016-10-17 23:48:50', '0', 'requested for new relation'),
(253, 248, 0, '2016-10-17 23:48:50', '0', 'requested for new relation'),
(254, 253, 0, '2016-10-18 00:41:31', '0', 'requested for new relation'),
(255, 253, 0, '2016-10-18 00:41:31', '0', 'requested for new relation'),
(256, 253, 0, '2016-10-18 00:42:28', '0', 'requested for new relation'),
(257, 253, 0, '2016-10-18 00:42:28', '0', 'requested for new relation'),
(258, 253, 0, '2016-10-18 00:42:28', '0', 'requested for new relation'),
(259, 253, 0, '2016-10-18 00:42:28', '0', 'requested for new relation'),
(260, 253, 0, '2016-10-18 00:42:28', '0', 'requested for new relation'),
(261, 255, 0, '2016-10-18 00:44:48', '0', 'changed profile picture'),
(262, 254, 0, '2016-10-18 00:45:37', '0', 'changed profile picture'),
(263, 256, 0, '2016-10-18 00:47:53', '0', 'changed profile picture'),
(264, 177, 0, '2016-10-18 18:58:33', '0', 'changed cover photo'),
(265, 177, 0, '2016-10-18 19:46:36', '0', 'added new post to the group'),
(266, 177, 0, '2016-10-18 20:17:22', '0', 'changed cover photo'),
(267, 248, 0, '2016-10-18 20:40:01', '0', 'changed cover photo'),
(268, 248, 0, '2016-10-18 22:06:45', '0', 'requested for new relation'),
(269, 263, 0, '2016-10-19 18:30:35', '0', 'requested for new relation'),
(270, 263, 0, '2016-10-19 18:30:35', '0', 'requested for new relation'),
(271, 263, 0, '2016-10-19 18:31:36', '0', 'requested for new relation'),
(272, 248, 0, '2016-10-19 21:38:45', '0', 'requested for new relation'),
(273, 252, 0, '2016-10-20 06:33:53', '0', 'changed cover photo'),
(274, 248, 0, '2016-10-20 06:34:32', '0', 'changed cover photo'),
(275, 248, 0, '2016-10-21 00:59:12', '0', 'changed profile picture'),
(276, 248, 0, '2016-10-21 19:57:46', '0', 'changed cover photo'),
(277, 268, 0, '2016-10-27 19:36:35', '0', 'requested for new relation'),
(278, 268, 0, '2016-10-27 19:36:35', '0', 'requested for new relation'),
(279, 268, 0, '2016-10-27 19:44:43', '0', 'requested for new relation'),
(280, 268, 272, '2016-10-27 19:49:21', '0', 'send new invitation'),
(281, 268, 273, '2016-10-27 19:50:16', '0', 'send new invitation'),
(282, 248, 0, '2016-10-28 02:27:50', '0', 'requested for new relation'),
(283, 278, 0, '2016-11-03 21:01:10', '0', 'requested for new relation'),
(284, 278, 0, '2016-11-03 21:01:10', '0', 'requested for new relation'),
(285, 278, 0, '2016-11-03 21:11:12', '0', 'created a new album'),
(286, 278, 0, '2016-11-03 21:11:42', '0', 'created a new album'),
(287, 278, 0, '2016-11-03 21:43:42', '0', 'added new post to the group'),
(288, 283, 0, '2016-11-07 18:15:42', '0', 'requested for new relation'),
(289, 283, 0, '2016-11-07 18:15:42', '0', 'requested for new relation'),
(290, 283, 0, '2016-11-07 18:16:16', '0', 'created a new album'),
(291, 287, 0, '2016-11-18 06:56:02', '0', 'requested for new relation'),
(292, 287, 0, '2016-11-18 06:56:02', '0', 'requested for new relation'),
(293, 287, 0, '2016-11-18 07:04:17', '0', 'created a new album'),
(294, 290, 0, '2016-12-01 21:27:19', '0', 'requested for new relation'),
(295, 290, 0, '2016-12-01 21:27:19', '0', 'requested for new relation'),
(296, 290, 0, '2016-12-01 21:28:16', '0', 'created a new album'),
(297, 290, 0, '2016-12-01 21:28:16', '0', 'created a new album'),
(298, 293, 0, '2016-12-01 22:58:55', '0', 'requested for new relation'),
(299, 293, 0, '2016-12-01 22:58:55', '0', 'requested for new relation'),
(300, 296, 0, '2016-12-20 19:07:32', '0', 'requested for new relation'),
(301, 296, 0, '2016-12-20 19:07:32', '0', 'requested for new relation'),
(302, 296, 0, '2016-12-20 19:08:36', '0', 'requested for new relation'),
(303, 296, 0, '2016-12-20 19:08:36', '0', 'requested for new relation'),
(304, 296, 0, '2016-12-20 19:08:36', '0', 'requested for new relation'),
(305, 296, 0, '2016-12-20 19:08:36', '0', 'requested for new relation'),
(306, 296, 0, '2016-12-20 19:08:36', '0', 'requested for new relation'),
(307, 296, 0, '2016-12-20 19:08:36', '0', 'requested for new relation'),
(308, 305, 0, '2016-12-21 19:08:15', '0', 'requested for new relation'),
(309, 305, 0, '2016-12-21 19:08:15', '0', 'requested for new relation'),
(310, 305, 0, '2016-12-21 19:17:08', '0', 'requested for new relation'),
(311, 305, 0, '2016-12-21 19:20:24', '0', 'requested for new relation'),
(312, 305, 0, '2016-12-21 19:22:33', '0', 'requested for new relation'),
(313, 305, 0, '2016-12-21 19:27:15', '0', 'changed cover photo'),
(314, 305, 0, '2016-12-21 19:28:15', '0', 'changed profile picture'),
(315, 305, 0, '2016-12-21 07:00:00', '0', 'Added a new Event'),
(316, 313, 0, '2016-12-30 03:34:44', '0', 'requested for new relation'),
(317, 313, 0, '2016-12-30 03:34:44', '0', 'requested for new relation'),
(318, 313, 0, '2016-12-30 03:39:45', '0', 'created a new album'),
(319, 313, 0, '2016-12-30 03:40:53', '0', 'changed profile picture'),
(320, 313, 0, '2016-12-30 03:43:51', '0', 'created a new album'),
(321, 322, NULL, '2017-07-20 18:25:41', '0', 'requested for new relation'),
(322, 322, NULL, '2017-07-20 18:26:30', '0', 'requested for new relation'),
(323, 322, NULL, '2017-07-20 18:26:30', '0', 'requested for new relation'),
(324, 322, NULL, '2017-07-20 18:28:16', '0', 'requested for new relation'),
(325, 322, NULL, '2017-07-20 18:28:16', '0', 'requested for new relation'),
(326, 322, NULL, '2017-07-20 18:28:16', '0', 'requested for new relation'),
(327, 322, NULL, '2017-07-20 18:28:16', '0', 'requested for new relation'),
(328, 322, NULL, '2017-07-20 18:28:16', '0', 'requested for new relation'),
(329, 322, NULL, '2017-07-20 18:28:16', '0', 'requested for new relation'),
(330, 322, NULL, '2017-07-20 18:28:16', '0', 'requested for new relation'),
(331, 322, NULL, '2017-07-20 18:33:13', '0', 'requested for new relation'),
(332, 322, NULL, '2017-07-20 18:33:49', '0', 'requested for new relation'),
(333, 322, NULL, '2017-07-20 18:34:12', '0', 'requested for new relation'),
(334, 322, NULL, '2017-07-20 18:34:59', '0', 'requested for new relation'),
(335, 322, NULL, '2017-07-20 18:35:30', '0', 'requested for new relation'),
(336, 322, NULL, '2017-07-20 18:35:48', '0', 'requested for new relation'),
(337, 322, NULL, '2017-07-20 18:36:24', '0', 'requested for new relation'),
(338, 322, NULL, '2017-07-20 18:38:47', '0', 'requested for new relation'),
(339, 322, NULL, '2017-07-20 18:39:10', '0', 'requested for new relation'),
(340, 322, NULL, '2017-07-20 18:39:31', '0', 'requested for new relation'),
(341, 322, NULL, '2017-07-20 19:10:19', '0', 'changed profile picture'),
(342, 322, NULL, '2017-07-20 19:13:41', '0', 'created a new album'),
(343, 322, NULL, '2017-07-20 19:20:19', '0', 'shared a new post'),
(344, 322, NULL, '2017-07-20 19:44:47', '0', 'joined to new group'),
(345, 322, NULL, '2017-07-20 20:15:05', '0', 'added new post to the group'),
(346, 322, NULL, '2017-07-20 20:15:07', '0', 'added new post to the group'),
(347, 322, NULL, '2017-07-20 20:15:49', '0', 'added new post to the group'),
(348, 345, NULL, '2017-12-05 19:56:57', '0', 'requested for new relation'),
(349, 345, NULL, '2017-12-05 19:56:57', '0', 'requested for new relation'),
(350, 345, NULL, '2017-12-05 20:05:05', '0', 'requested for new relation'),
(351, 345, NULL, '2017-12-05 20:05:05', '0', 'requested for new relation'),
(352, 350, NULL, '2017-12-13 18:37:12', '0', 'requested for new relation'),
(353, 350, NULL, '2017-12-13 18:37:12', '0', 'requested for new relation'),
(354, 350, NULL, '2017-12-13 18:39:12', '0', 'requested for new relation'),
(355, 350, NULL, '2017-12-13 18:39:12', '0', 'requested for new relation'),
(356, 350, NULL, '2017-12-13 18:42:42', '0', 'requested for new relation'),
(357, 350, NULL, '2017-12-13 18:49:03', '0', 'commented on a Post'),
(358, 350, NULL, '2017-12-13 18:53:20', '0', 'created a new album'),
(359, 350, NULL, '2017-12-13 18:54:28', '0', 'changed profile picture'),
(360, 356, NULL, '2019-05-13 21:23:21', '0', 'requested for new relation'),
(361, 356, NULL, '2019-05-13 21:23:21', '0', 'requested for new relation'),
(362, 356, NULL, '2019-05-13 21:29:14', '0', 'requested for new relation'),
(363, 356, NULL, '2019-05-13 21:30:13', '0', 'requested for new relation'),
(364, 356, NULL, '2019-05-13 21:34:54', '0', 'joined to new group'),
(365, 356, NULL, '2019-05-13 21:37:48', '0', 'changed profile picture'),
(366, 356, 361, '2019-05-13 09:38:28', '0', 'send new invitation'),
(367, 356, NULL, '2019-05-13 21:42:13', '0', 'requested for new relation'),
(368, 363, NULL, '2019-05-15 18:59:01', '0', 'requested for new relation'),
(369, 363, NULL, '2019-05-15 18:59:01', '0', 'requested for new relation'),
(370, 363, NULL, '2019-05-15 20:49:52', '0', 'requested for new relation'),
(371, 367, NULL, '2019-05-15 21:43:08', '0', 'requested for new relation'),
(372, 367, NULL, '2019-05-15 21:43:08', '0', 'requested for new relation'),
(373, 367, NULL, '2019-05-15 21:53:06', '0', 'requested for new relation'),
(374, 367, NULL, '2019-05-15 22:02:46', '0', 'requested for new relation'),
(375, 367, NULL, '2019-05-15 22:07:11', '0', 'requested for new relation'),
(376, 373, NULL, '2019-05-15 22:43:51', '0', 'requested for new relation'),
(377, 373, NULL, '2019-05-15 22:43:51', '0', 'requested for new relation'),
(378, 373, NULL, '2019-05-15 22:59:00', '0', 'requested for new relation'),
(379, 373, NULL, '2019-05-15 23:01:38', '0', 'requested for new relation'),
(380, 373, NULL, '2019-05-15 23:04:42', '0', 'requested for new relation'),
(381, 373, NULL, '2019-05-15 23:06:12', '0', 'requested for new relation'),
(382, 380, NULL, '2019-05-15 23:17:45', '0', 'requested for new relation'),
(383, 380, NULL, '2019-05-15 23:17:45', '0', 'requested for new relation'),
(384, 380, NULL, '2019-05-16 22:41:55', '0', 'requested for new relation');

-- --------------------------------------------------------

--
-- Table structure for table `roottildb_user_home_settings`
--

CREATE TABLE `roottildb_user_home_settings` (
  `roottilDb_user_home_settings_id` int(11) NOT NULL,
  `roottilDb_user_home_day_thought` varchar(255) NOT NULL,
  `roottilDb_user_id` int(11) NOT NULL,
  `roottilDb_user_home_family_strength` int(11) NOT NULL,
  `roottilDb_user_home_postar_image` varchar(255) NOT NULL
) ENGINE=MyISAM DEFAULT CHARSET=latin1;

-- --------------------------------------------------------

--
-- Table structure for table `roottildb_user_profile`
--

CREATE TABLE `roottildb_user_profile` (
  `roottilDb_user_profile_id` int(11) NOT NULL,
  `roottilDb_user_id` int(11) NOT NULL,
  `roottilDb_user_profile_created_by` int(11) NOT NULL,
  `roottilDb_user_profile_created_date` date NOT NULL,
  `roottilDb_user_profile_name` varchar(500) NOT NULL DEFAULT 'Roottil User',
  `roottilDb_user_lname` varchar(100) DEFAULT NULL,
  `roottilDb_user_profile_phone` varchar(50) NOT NULL DEFAULT 'nill',
  `roottilDb_user_profile_dob` varchar(50) DEFAULT NULL,
  `roottilDb_user_profile_alter_email` varchar(500) DEFAULT NULL,
  `roottilDb_user_profile_gender` varchar(50) DEFAULT NULL,
  `roottilDb_user_profile_merital_status` varchar(50) DEFAULT NULL,
  `roottilDb_user_profile_house_no` varchar(100) DEFAULT NULL,
  `roottilDb_user_profile_address_1` varchar(500) DEFAULT NULL,
  `roottilDb_user_profile_address_2` varchar(500) DEFAULT NULL,
  `roottilDb_user_profile_city` varchar(100) DEFAULT NULL,
  `roottilDb_user_profile_district` varchar(100) DEFAULT NULL,
  `roottilDb_user_profile_state` varchar(100) DEFAULT NULL,
  `roottilDb_user_profile_country` varchar(100) DEFAULT NULL,
  `roottilDb_user_profile_pincode` varchar(50) DEFAULT NULL,
  `roottilDb_user_profile_occupation` varchar(100) DEFAULT NULL,
  `roottilDb_user_profile_spec_job` varchar(100) DEFAULT NULL,
  `roottilDb_user_profile_employed_in` varchar(100) DEFAULT NULL,
  `roottilDb_user_profile_job_category` varchar(100) DEFAULT NULL,
  `roottilDb_user_profile_job_description` varchar(500) DEFAULT NULL,
  `roottilDb_user_profile_home` varchar(100) DEFAULT NULL,
  `roottilDb_user_profile_latitute` float DEFAULT NULL,
  `roottilDb_user_profile_longitude` float DEFAULT NULL,
  `roottilDb_user_profile_image` varchar(500) DEFAULT NULL,
  `roottilDb_user_profile_blood_group` varchar(20) DEFAULT NULL,
  `roottilDb_user_profile_nick_name` varchar(500) DEFAULT NULL,
  `roottilDb_user_profile_spouses` varchar(500) DEFAULT NULL,
  `roottilDb_user_profile_children` int(11) DEFAULT NULL,
  `roottilDb_profile_personal_life_details` text,
  `roottilDb_profile_education_details` text,
  `roottilDb_user_profile_edu` varchar(100) DEFAULT NULL,
  `roottilDb_user_profile_univ` varchar(100) DEFAULT NULL,
  `roottilDb_profile_marriage_details` text,
  `roottilDb_profile_job_details` text,
  `roottilDb_profile_family_details` text,
  `roottilDb_profile_achievement_details` text,
  `roottilDb_user_profile_status` varchar(20) DEFAULT NULL,
  `roottilDb_user_wizard_status` enum('1','0') NOT NULL DEFAULT '0',
  `roottilDb_user_family_link` int(11) DEFAULT NULL,
  `roottilDb_user_online` int(1) NOT NULL DEFAULT '0',
  `roottilDb_user_login_time` timestamp NOT NULL DEFAULT CURRENT_TIMESTAMP,
  `security_ques` int(2) DEFAULT NULL COMMENT 'security_tbl',
  `security_ans` varchar(500) DEFAULT NULL
) ENGINE=InnoDB DEFAULT CHARSET=latin1;

--
-- Dumping data for table `roottildb_user_profile`
--

INSERT INTO `roottildb_user_profile` (`roottilDb_user_profile_id`, `roottilDb_user_id`, `roottilDb_user_profile_created_by`, `roottilDb_user_profile_created_date`, `roottilDb_user_profile_name`, `roottilDb_user_lname`, `roottilDb_user_profile_phone`, `roottilDb_user_profile_dob`, `roottilDb_user_profile_alter_email`, `roottilDb_user_profile_gender`, `roottilDb_user_profile_merital_status`, `roottilDb_user_profile_house_no`, `roottilDb_user_profile_address_1`, `roottilDb_user_profile_address_2`, `roottilDb_user_profile_city`, `roottilDb_user_profile_district`, `roottilDb_user_profile_state`, `roottilDb_user_profile_country`, `roottilDb_user_profile_pincode`, `roottilDb_user_profile_occupation`, `roottilDb_user_profile_spec_job`, `roottilDb_user_profile_employed_in`, `roottilDb_user_profile_job_category`, `roottilDb_user_profile_job_description`, `roottilDb_user_profile_home`, `roottilDb_user_profile_latitute`, `roottilDb_user_profile_longitude`, `roottilDb_user_profile_image`, `roottilDb_user_profile_blood_group`, `roottilDb_user_profile_nick_name`, `roottilDb_user_profile_spouses`, `roottilDb_user_profile_children`, `roottilDb_profile_personal_life_details`, `roottilDb_profile_education_details`, `roottilDb_user_profile_edu`, `roottilDb_user_profile_univ`, `roottilDb_profile_marriage_details`, `roottilDb_profile_job_details`, `roottilDb_profile_family_details`, `roottilDb_profile_achievement_details`, `roottilDb_user_profile_status`, `roottilDb_user_wizard_status`, `roottilDb_user_family_link`, `roottilDb_user_online`, `roottilDb_user_login_time`, `security_ques`, `security_ans`) VALUES
(1, 1, 1, '2016-09-23', 'Maya', 'Arun', '9895912118', '17 Oct 1985', '', 'F', 'M', 'Kochu Kotteth (H)', '', '', 'Pandalam, Kerala, India', 'Select District', 'Select State', '', '', 'Nurse', '', 'Medical college', 'Proffessional', '0', '', 9.23727, 76.6709, '1/gallery4.jpg', 'B Positive', 'Maya', '', 0, '', 'BSC Nursing', '', '', '', 'Duis vel lorem non arcu commodo eleifend ac nec mauris. Integer massa nisl, euismod ut ultrices sed, dignissim at odio. Integer maximus est at neque facilisis, id finibus purus imperdiet. Vivamus sem tortor, euismod id nibh vel, ultrices hendrerit purus. Proin in faucibus nunc, eu tempor enim. Ut congue eros elit, ac sollicitudin ante finibus et. Pellentesque gravida lectus vitae nisi vehicula, nec hendrerit tortor varius. Aenean elementum erat dui, ut facilisis eros suscipit commodo. ', '', '', 'A', '1', 0, 0, '2017-02-28 11:01:22', 1, 'pathanamthitta'),
(2, 2, 1, '2016-09-23', 'Vilasini Amma', '', 'nill', '', '', 'F', '', '', '', '', '', '', '', '', '', '', '', '', '', '', '', 0, 0, 'new-avatar.jpg', '', 'Vilasini Amma', '', 0, '', '', '', '', '', '', '', '', 'V', '0', 0, 0, '2016-09-23 12:52:38', 0, ''),
(3, 3, 1, '2016-09-23', 'Bhaskaran Nair', '', 'nill', '', '', 'M', '', '', '', '', '', '', '', '', '', '', '', '', '', '', '', 0, 0, 'new-avatar.jpg', '', 'Bhaskaran Nair', '', 0, '', '', '', '', '', '', '', '', 'V', '0', 0, 0, '2016-09-23 12:52:38', 0, ''),
(4, 4, 1, '2016-09-23', 'Arun G Kurup', '', '989591218', '14 Mar 1980', '', 'M', 'S', '', '', '', '', 'Select District', 'Select State', '', '', '', '', 'IBS ', 'Private', 'Lorem ipsum dolor sit amet, consectetur adipiscing elit. Vestibulum ante ipsum primis in faucibus orci luctus et ultrices posuere cubilia Curae; Nunc pharetra ultrices accumsan. Cras tincidunt quam vel lectus ullamcorper malesuada. Phasellus sed congue nulla. Donec tempus pharetra lorem, sed ullamcorper libero ornare eu.', '', 0, 0, '', '', 'Arun', '', 0, 'Lorem ipsum dolor sit amet, consectetur adipiscing elit. Vestibulum ante ipsum primis in faucibus orci luctus et ultrices posuere cubilia Curae; Nunc pharetra ultrices accumsan. Cras tincidunt quam vel lectus ullamcorper malesuada. Phasellus sed congue nulla. Donec tempus pharetra lorem, sed ullamcorper libero ornare eu.', 'MBA', '', '', '', 'Lorem ipsum dolor sit amet, consectetur adipiscing elit. Vestibulum ante ipsum primis in faucibus orci luctus et ultrices posuere cubilia Curae; Nunc pharetra ultrices accumsan. Cras tincidunt quam vel lectus ullamcorper malesuada. Phasellus sed congue nulla. Donec tempus pharetra lorem, sed ullamcorper libero ornare eu.', '', '', 'V', '0', 0, 0, '2016-09-23 12:52:38', 0, ''),
(5, 5, 1, '2016-09-23', 'Madhu', '', '', '', '', 'M', '', '', '', '', '', '', '', '', '', '', '', '', '', '', '', 0, 0, '', '', 'Madhu', '', 0, '', '', '', '', '', '', '', '', 'V', '0', 0, 0, '2016-09-23 12:52:38', 0, ''),
(6, 6, 1, '2016-09-23', 'Manju', '', '', '', '', 'F', '', '', '', '', '', '', '', '', '', '', '', '', '', '', '', 0, 0, '', '', 'Manju', '', 0, '', '', '', '', '', '', '', '', 'V', '0', 0, 0, '2016-09-23 12:52:38', 0, ''),
(7, 7, 1, '2016-09-23', 'Pranav Krishnan', '', '', '', '', 'M', '', '', '', '', '', '', '', '', '', '', '', '', '', '', '', 0, 0, '', '', 'Pranav Krishnan', '', 0, '', '', '', '', '', '', '', '', 'V', '0', 0, 0, '2016-09-23 12:52:38', 0, ''),
(8, 8, 1, '2016-09-23', 'Pratheeksha Krishnan', '', '', '', '', 'F', '', '', '', '', '', '', '', '', '', '', '', '', '', '', '', 0, 0, '', '', 'Pratheeksha Krishnan', '', 0, '', '', '', '', '', '', '', '', 'V', '0', 0, 0, '2016-09-23 12:52:38', 0, ''),
(9, 9, 9, '2016-09-23', 'Seena ', 'Jacob', '', '06 Aug 1986', '', 'F', 'S', 'Manappattu House', '', '', 'Thrissur, Kerala, India', '', '', '', '', 'Nurse', '', 'Jubilee Mission ', 'Private', '0', '', 10.524, 76.2199, 'gender_female_2.png', 'A Positive', 'Seena ', '', 0, '', 'BSC Nursing', '', '', '', 'Duis vel lorem non arcu commodo eleifend ac nec mauris. Integer massa nisl, euismod ut ultrices sed, dignissim at odio. Integer maximus est at neque facilisis, id finibus purus imperdiet. Vivamus sem tortor, euismod id nibh vel, ultrices hendrerit purus. Proin in faucibus nunc, eu tempor enim. Ut congue eros elit, ac sollicitudin ante finibus et. Pellentesque gravida lectus vitae nisi vehicula, nec hendrerit tortor varius. Aenean elementum erat dui, ut facilisis eros suscipit commodo. ', '', '', 'A', '1', 0, 1, '2016-09-23 13:29:20', 5, 'lal'),
(10, 10, 9, '2016-09-23', 'Mary Jacob', '', 'nill', '', '', 'F', '', '', '', '', '', '', '', '', '', '', '', '', '', '', '', 0, 0, 'gender_female_1.png', '', 'Mary Jacob', '', 0, '', '', '', '', '', '', '', '', 'V', '0', 0, 0, '2016-09-23 13:09:12', 0, ''),
(11, 11, 9, '2016-09-23', 'Jacob John', '', 'nill', '', '', 'M', '', '', '', '', '', '', '', '', '', '', '', '', '', '', '', 0, 0, 'gender_male_1.png', '', 'Jacob John', '', 0, '', '', '', '', '', '', '', '', 'V', '0', 0, 0, '2016-09-23 13:09:12', 0, ''),
(12, 12, 9, '2016-09-23', 'no_name', '', 'nill', '', '', 'M', '', '', '', '', '', '', '', '', '', '', '', '', '', '', '', 0, 0, '', '', 'no_name', '', 0, '', '', '', '', '', '', '', '', 'V', '0', 0, 0, '2016-09-23 13:09:12', 0, ''),
(13, 13, 9, '2016-09-23', 'no_name', '', 'nill', '', '', 'M', '', '', '', '', '', '', '', '', '', '', '', '', '', '', '', 0, 0, '', '', 'no_name', '', 0, '', '', '', '', '', '', '', '', 'V', '0', 0, 0, '2016-09-23 13:09:12', 0, ''),
(14, 14, 9, '2016-09-23', 'no_name', '', 'nill', '', '', 'F', '', '', '', '', '', '', '', '', '', '', '', '', '', '', '', 0, 0, '', '', 'no_name', '', 0, '', '', '', '', '', '', '', '', 'V', '0', 0, 0, '2016-09-23 13:09:12', 0, ''),
(15, 15, 15, '2016-09-24', 'Anuthankam', '', 'nill', '', '', '', '', '', '', '', '', '', '', '', '', '', '', '', '', '', '', 0, 0, '', '', 'Anuthankam', '', 0, '', '', '', '', '', '', '', '', '', '0', 0, 0, '2016-09-23 18:55:01', 0, ''),
(16, 16, 16, '2016-09-24', 'Anu', 'thankam', '9747211457', '01 Jan 1983', '', 'F', 'S', '', '', '', '', '', '', '', '', 'PRO', '', 'NHM', 'Government', '0', '', 0, 0, 'on', 'O Positive', 'Anu', '', 0, 'Simple', 'MSW', '', '', '', 'Laisoning healthsystem and panchayath', '', '', 'A', '1', 0, 1, '2016-09-23 19:55:02', 4, 'Boney'),
(17, 17, 16, '2016-09-24', '', '', 'nill', '', '', 'F', '', '', '', '', '', '', '', '', '', '', '', '', '', '', '', 0, 0, 'gender_female_1.png', '', '', '', 0, '', '', '', '', '', '', '', '', 'V', '0', 0, 0, '2016-09-23 19:50:49', 0, ''),
(18, 18, 16, '2016-09-24', '', '', 'nill', '', '', 'M', '', '', '', '', '', '', '', '', '', '', '', '', '', '', '', 0, 0, 'gender_male_1.png', '', '', '', 0, '', '', '', '', '', '', '', '', 'V', '0', 0, 0, '2016-09-23 19:50:49', 0, ''),
(19, 19, 16, '2016-09-24', 'no_name', '', 'nill', '', '', 'M', '', '', '', '', '', '', '', '', '', '', '', '', '', '', '', 0, 0, '', '', 'no_name', '', 0, '', '', '', '', '', '', '', '', 'V', '0', 0, 0, '2016-09-23 19:50:49', 0, ''),
(20, 20, 20, '2016-09-25', 'krishna', '', 'nill', '', '', '', '', '', '', '', '', '', '', '', '', '', '', '', '', '', '', 0, 0, '', '', 'krishna', '', 0, '', '', '', '', '', '', '', '', '', '0', 0, 0, '2016-09-25 12:09:01', 0, ''),
(21, 21, 21, '2016-09-25', 'praveen', '', 'nill', '', '', '', '', '', '', '', '', '', '', '', '', '', '', '', '', '', '', 0, 0, '', '', 'praveen', '', 0, '', '', '', '', '', '', '', '', '', '0', 0, 0, '2016-09-25 16:39:17', 0, ''),
(22, 22, 22, '2016-09-26', 'sumesh', 'prakash', '08129544329', '24 Nov 1993', 'sumeshprakash2011@gmail.com', 'M', 'S', 'anil sadanam', '', '', 'Kudavattoor, Kollam, Kerala, India', '', '', '', '', '', '', '', 'Proffessional', '0', '', 8.92718, 76.7369, '22/profile.png', 'O Positive', 'sumesh', '', 0, '', 'B tech', '', '', '', '', '', '', 'A', '1', 0, 1, '2016-10-04 10:45:35', 3, 'kollam'),
(23, 23, 22, '2016-09-26', 'ajaya prakash', '', 'nill', '01 Nov 1974', '', 'F', '', '', '', '', '', '', '', '', '', '', '', '', '', '', '', 0, 0, 'gender_female_1.png', '', 'ajaya prakash', '', 0, '', '', '', '', '', '', '', '', 'V', '0', 0, 0, '2016-09-26 05:21:05', 0, ''),
(24, 24, 22, '2016-09-26', 'prakash', '', 'nill', '01 July 1969', '', 'M', '', '', '', '', '', '', '', '', '', '', '', '', '', '', '', 0, 0, 'gender_male_1.png', '', 'prakash', '', 0, '', '', '', '', '', '', '', '', 'V', '0', 0, 0, '2016-09-26 05:21:05', 0, ''),
(25, 25, 22, '2016-09-26', 'praveen', '', '', '', '', 'M', '', '', '', '', '', '', '', '', '', '', '', '', '', '', '', 0, 0, '', '', 'praveen', '', 0, '', '', '', '', '', '', '', '', 'V', '0', 0, 0, '2016-09-26 05:21:05', 0, ''),
(32, 32, 32, '2016-09-26', 'Merlin Jacob', '', 'nill', '', '', '', '', '', '', '', '', '', '', '', '', '', '', '', '', '', '', 0, 0, '', '', 'Merlin Jacob', '', 0, '', '', '', '', '', '', '', '', '', '0', 0, 0, '2016-09-26 07:27:15', 0, ''),
(33, 33, 33, '2016-09-26', 'Merina', 'Joseph', '', '', '', 'F', 'M', '', '', '', '', '', '', '', '', '', '', '', 'Select Category', '0', '', 0, 0, 'gender_female_3.png', 'A Positive', 'Merina', '', 0, '', '', '', '', '', '', '', '', 'A', '1', 0, 0, '2016-09-26 07:35:16', 4, 'cxv'),
(34, 34, 33, '2016-09-26', 'Marya', '', 'nill', '', '', 'F', '', '', '', '', '', '', '', '', '', '', '', '', '', '', '', 0, 0, 'gender_female_2.png', '', 'Marya', '', 0, '', '', '', '', '', '', '', '', 'V', '0', 0, 0, '2016-09-26 07:36:59', 0, ''),
(35, 35, 33, '2016-09-26', 'Joseph', '', 'nill', '', '', 'M', '', '', '', '', '', '', '', '', '', '', '', '', '', '', '', 0, 0, 'gender_male_3.png', '', 'Joseph', '', 0, '', '', '', '', '', '', '', '', 'V', '0', 0, 0, '2016-09-26 07:36:59', 0, ''),
(36, 36, 33, '2016-09-26', 'Jerin', '', 'nill', '', '', 'M', '', '', '', '', '', '', '', '', '', '', '', '', '', '', '', 0, 0, '', '', 'Jerin', '', 0, '', '', '', '', '', '', '', '', 'V', '0', 0, 0, '2016-09-26 07:36:59', 0, ''),
(37, 37, 33, '2016-09-26', 'no_name', '', 'nill', '', '', 'M', '', '', '', '', '', '', '', '', '', '', '', '', '', '', '', 0, 0, '', '', 'no_name', '', 0, '', '', '', '', '', '', '', '', 'V', '0', 0, 0, '2016-09-26 07:36:59', 0, ''),
(38, 38, 33, '2016-09-26', 'no_name', '', 'nill', '', '', 'F', '', '', '', '', '', '', '', '', '', '', '', '', '', '', '', 0, 0, '', '', 'no_name', '', 0, '', '', '', '', '', '', '', '', 'V', '0', 0, 0, '2016-09-26 07:36:59', 0, ''),
(39, 39, 33, '2016-09-26', 'no_name', '', 'nill', '', '', 'M', '', '', '', '', '', '', '', '', '', '', '', '', '', '', '', 0, 0, '', '', 'no_name', '', 0, '', '', '', '', '', '', '', '', 'V', '0', 0, 0, '2016-09-26 07:36:59', 0, ''),
(40, 40, 33, '2016-09-26', 'no_name', '', 'nill', '', '', 'M', '', '', '', '', '', '', '', '', '', '', '', '', '', '', '', 0, 0, '', '', 'no_name', '', 0, '', '', '', '', '', '', '', '', 'V', '0', 0, 0, '2016-09-26 07:36:59', 0, ''),
(44, 44, 44, '2016-09-26', 'Akhil', '', 'nill', '', '', '', '', '', '', '', '', '', '', '', '', '', '', '', '', '', '', 0, 0, '', '', 'Akhil', '', 0, '', '', '', '', '', '', '', '', '', '0', 0, 0, '2016-09-26 14:33:54', 0, ''),
(45, 45, 45, '2016-09-27', 'Rejin', 'Raveendran', '9596412578', '15 June 1989', '', 'M', 'M', 'Thiruvathira,11/8 Nila Nagar', '', '', 'Mulluvila Road, Technopark Campus, Thiruvananthapuram, Kerala, India', '', '', '', '', 'Software Test Engineer', '', 'IBS', 'Private', '0', '', 8.56189, 76.8782, '45/profile.png', 'B Negative', 'Rejin', '', 0, '', 'MCA', '', '', '', 'You recently requested an email subscription to W3lessons.info. We can\'t wait to send the updates you want via email, so please click the following link to activate your subscription immediately:', '', '', 'A', '1', 0, 0, '2016-09-27 05:04:41', 2, 'thiruvananthapuram'),
(46, 46, 45, '2016-09-27', 'Rajani ', '', 'nill', '', '', 'F', 'M', '', '', '', '', '', '', '', '', '', '', '', '', '', '', 0, 0, 'new-avatar.jpg', '', 'Rajani ', '', 0, '', '', '', '', '', '', '', '', 'V', '0', 0, 0, '2016-09-27 04:48:47', 0, ''),
(47, 47, 45, '2016-09-27', 'Raveendran', '', 'nill', '', '', 'M', '', '', '', '', '', '', '', '', '', '', '', '', '', '', '', 0, 0, '47/fprofile.png', '', 'Raveendran', '', 0, '', '', '', '', '', '', '', '', 'V', '0', 0, 0, '2016-09-27 04:48:47', 0, ''),
(48, 48, 45, '2016-09-27', 'Devika', '', 'nill', '', '', 'F', '', '', '', '', '', '', '', '', '', '', '', '', '', '', '', 0, 0, '', '', 'Devika', '', 0, '', '', '', '', '', '', '', '', 'V', '0', 0, 0, '2016-09-27 04:48:47', 0, ''),
(49, 49, 45, '2016-09-27', 'Rejith', '', '', '', '', 'M', '', '', '', '', '', '', '', '', '', '', '', '', '', '', '', 0, 0, '', '', 'Rejith', '', 0, '', '', '', '', '', '', '', '', 'V', '0', 0, 0, '2016-09-27 04:48:47', 0, ''),
(50, 50, 45, '2016-09-27', 'Rachana', '', '', '', '', 'F', '', '', '', '', '', '', '', '', '', '', '', '', '', '', '', 0, 0, '', '', 'Rachana', '', 0, '', '', '', '', '', '', '', '', 'V', '0', 0, 0, '2016-09-27 04:48:47', 0, ''),
(51, 51, 45, '2016-09-27', 'Nived', '', '', '', '', 'M', '', '', '', '', '', '', '', '', '', '', '', '', '', '', '', 0, 0, '', '', 'Nived', '', 0, '', '', '', '', '', '', '', '', 'V', '0', 0, 0, '2016-09-27 04:48:47', 0, ''),
(52, 52, 45, '2016-09-27', 'Neenu', '', '', '', '', 'M', '', '', '', '', '', '', '', '', '', '', '', '', '', '', '', 0, 0, '52/iframe2.png', '', 'Neenu', '', 0, '', '', '', '', '', '', '', '', 'V', '0', 0, 0, '2016-09-27 04:48:47', 0, ''),
(53, 53, 53, '2016-09-27', 'Vincy', 'Pradeep', '9859456789', '06 Mar 1988', '', 'F', 'M', '11/8, Avp Lane', '', '', 'Komarapalayam , Salem Main Road, Komarapalayam, Tamil Nadu, India', 'Select District', 'Select State', '', '', '', '', '', 'Proffessional', '', '', 11.4425, 77.6929, '53/gallery1.jpg', 'A Positive', 'Vincy', '', 0, '', '', '', '', '', '0', '', '', 'A', '1', 0, 0, '2016-09-27 06:06:40', 6, 'Nancy'),
(54, 54, 53, '2016-09-27', 'vimala', '', 'nill', '', '', 'F', 'M', '', '', '', '', '', '', '', '', '', '', '', '', '', '', 0, 0, 'gender_female_3.png', '', 'vimala', '', 0, '', '', '', '', '', '', '', '', 'V', '0', 0, 0, '2016-09-27 05:10:04', 0, ''),
(55, 55, 53, '2016-09-27', 'John', '', 'nill', '', '', 'M', '', '', '', '', '', '', '', '', '', '', '', '', '', '', '', 0, 0, 'gender_male_1.png', '', 'John', '', 0, '', '', '', '', '', '', '', '', 'V', '0', 0, 0, '2016-09-27 05:10:04', 0, ''),
(56, 56, 53, '2016-09-27', 'Pradeep', '', 'nill', '', '', 'M', '', '', '', '', '', '', '', '', '', '', '', '', '', '', '', 0, 0, '', '', 'Pradeep', '', 0, '', '', '', '', '', '', '', '', 'V', '0', 0, 0, '2016-09-27 05:10:04', 0, ''),
(57, 57, 53, '2016-09-27', 'no_name', '', 'nill', '', '', 'M', '', '', '', '', '', '', '', '', '', '', '', '', '', '', '', 0, 0, '', '', 'no_name', '', 0, '', '', '', '', '', '', '', '', 'V', '0', 0, 0, '2016-09-27 05:10:04', 0, ''),
(58, 58, 53, '2016-09-27', 'no_name', '', 'nill', '', '', 'M', '', '', '', '', '', '', '', '', '', '', '', '', '', '', '', 0, 0, '', '', 'no_name', '', 0, '', '', '', '', '', '', '', '', 'V', '0', 0, 0, '2016-09-27 05:10:04', 0, ''),
(59, 59, 53, '2016-09-27', 'no_name', '', 'nill', '', '', 'F', '', '', '', '', '', '', '', '', '', '', '', '', '', '', '', 0, 0, '', '', 'no_name', '', 0, '', '', '', '', '', '', '', '', 'V', '0', 0, 0, '2016-09-27 05:10:04', 0, ''),
(60, 60, 53, '2016-09-27', 'no_name', '', 'nill', '', '', 'M', '', '', '', '', '', '', '', '', '', '', '', '', '', '', '', 0, 0, '', '', 'no_name', '', 0, '', '', '', '', '', '', '', '', 'V', '0', 0, 0, '2016-09-27 05:10:04', 0, ''),
(61, 61, 53, '2016-09-27', 'no_name', '', 'nill', '', '', 'F', '', '', '', '', '', '', '', '', '', '', '', '', '', '', '', 0, 0, '', '', 'no_name', '', 0, '', '', '', '', '', '', '', '', 'V', '0', 0, 0, '2016-09-27 05:10:04', 0, ''),
(65, 65, 65, '2016-09-27', 'Maneesha', 'Chandran', '', '12 June 1985', '', 'F', 'M', 'Nikunjam', '', '', 'Kazhakkoottam, Kerala, India', '', '', '', '', 'Bussiness Development Officer', '', 'D and H', 'Private', '0', '', 8.57349, 76.8684, '65/profile.png', 'B Positive', 'Maneesha', '', 0, '', 'MBA', '', '', '', '', '', '', 'A', '1', 0, 0, '2016-09-27 06:19:54', 4, 'Maya'),
(66, 66, 65, '2016-09-27', 'Lathika', '', 'nill', '', '', 'F', '', '', '', '', '', '', '', '', '', '', '', '', '', '', '', 0, 0, 'new-avatar.jpg', '', 'Lathika', '', 0, '', '', '', '', '', '', '', '', 'V', '0', 0, 0, '2016-09-27 06:13:21', 0, ''),
(67, 67, 65, '2016-09-27', 'Rajesh', '', 'nill', '', '', 'M', '', '', '', '', '', '', '', '', '', '', '', '', '', '', '', 0, 0, 'new-avatar.jpg', '', 'Rajesh', '', 0, '', '', '', '', '', '', '', '', 'V', '0', 0, 0, '2016-09-27 06:13:21', 0, ''),
(68, 68, 65, '2016-09-27', 'Chandran', '', 'nill', '', '', 'M', '', '', '', '', '', '', '', '', '', '', '', '', '', '', '', 0, 0, '', '', 'Chandran', '', 0, '', '', '', '', '', '', '', '', 'V', '0', 0, 0, '2016-09-27 06:13:21', 0, ''),
(69, 69, 65, '2016-09-27', 'Manoj', '', '', '', '', 'M', '', '', '', '', '', '', '', '', '', '', '', '', '', '', '', 0, 0, '', '', 'Manoj', '', 0, '', '', '', '', '', '', '', '', 'V', '0', 0, 0, '2016-09-27 06:13:21', 0, ''),
(70, 70, 65, '2016-09-27', 'no_name', '', 'nill', '', '', 'F', '', '', '', '', '', '', '', '', '', '', '', '', '', '', '', 0, 0, '', '', 'no_name', '', 0, '', '', '', '', '', '', '', '', 'V', '0', 0, 0, '2016-09-27 06:13:21', 0, ''),
(71, 71, 65, '2016-09-27', 'no_name', '', 'nill', '', '', 'M', '', '', '', '', '', '', '', '', '', '', '', '', '', '', '', 0, 0, '', '', 'no_name', '', 0, '', '', '', '', '', '', '', '', 'V', '0', 0, 0, '2016-09-27 06:13:21', 0, ''),
(72, 72, 65, '2016-09-27', 'no_name', '', 'nill', '', '', 'F', '', '', '', '', '', '', '', '', '', '', '', '', '', '', '', 0, 0, '', '', 'no_name', '', 0, '', '', '', '', '', '', '', '', 'V', '0', 0, 0, '2016-09-27 06:13:21', 0, ''),
(73, 73, 73, '2016-09-27', 'Archana', 'Renjith', '', '15 June 1990', '', 'F', 'M', 'Nikunjam', '', '', 'Kazhakkoottam, Kerala, India', '', '', '', '', '', '', '', 'Select Category', '0', '', 8.57103, 76.8663, 'gender_female_3.png', 'A Positive', 'Archana', '', 0, '', '', '', '', '', '', '', '', 'A', '1', 0, 0, '2016-09-27 06:20:12', 3, 'xcxc'),
(74, 74, 73, '2016-09-27', 'Anitha', '', 'nill', '', '', 'F', '', '', '', '', '', '', '', '', '', '', '', '', '', '', '', 0, 0, 'gender_female_1.png', '', 'Anitha', '', 0, '', '', '', '', '', '', '', '', 'V', '0', 0, 0, '2016-09-27 06:23:08', 0, ''),
(75, 75, 73, '2016-09-27', 'Ajith', '', 'nill', '', '', 'M', '', '', '', '', '', '', '', '', '', '', '', '', '', '', '', 0, 0, 'gender_male_1.png', '', 'Ajith', '', 0, '', '', '', '', '', '', '', '', 'V', '0', 0, 0, '2016-09-27 06:23:08', 0, ''),
(76, 76, 73, '2016-09-27', 'Renjith', '', 'nill', '', '', 'M', '', '', '', '', '', '', '', '', '', '', '', '', '', '', '', 0, 0, '', '', 'Renjith', '', 0, '', '', '', '', '', '', '', '', 'V', '0', 0, 0, '2016-09-27 06:23:08', 0, ''),
(77, 77, 73, '2016-09-27', 'no_name', '', 'nill', '', '', 'M', '', '', '', '', '', '', '', '', '', '', '', '', '', '', '', 0, 0, '', '', 'no_name', '', 0, '', '', '', '', '', '', '', '', 'V', '0', 0, 0, '2016-09-27 06:23:08', 0, ''),
(78, 78, 73, '2016-09-27', 'no_name', '', 'nill', '', '', 'F', '', '', '', '', '', '', '', '', '', '', '', '', '', '', '', 0, 0, '', '', 'no_name', '', 0, '', '', '', '', '', '', '', '', 'V', '0', 0, 0, '2016-09-27 06:23:08', 0, ''),
(79, 79, 73, '2016-09-27', 'no_name', '', 'nill', '', '', 'M', '', '', '', '', '', '', '', '', '', '', '', '', '', '', '', 0, 0, '', '', 'no_name', '', 0, '', '', '', '', '', '', '', '', 'V', '0', 0, 0, '2016-09-27 06:23:08', 0, ''),
(80, 80, 73, '2016-09-27', 'no_name', '', 'nill', '', '', 'F', '', '', '', '', '', '', '', '', '', '', '', '', '', '', '', 0, 0, '', '', 'no_name', '', 0, '', '', '', '', '', '', '', '', 'V', '0', 0, 0, '2016-09-27 06:23:08', 0, ''),
(81, 81, 81, '2016-09-27', 'Raju', 'George', '', '', '', 'M', 'M', '', '', '', '', '', '', '', '', '', '', '', 'Select Category', '0', '', 0, 0, 'gender_male_1.png', 'A Positive', 'Raju', '', 0, '', '', '', '', '', '', '', '', 'A', '1', 0, 1, '2016-09-27 08:39:23', 6, 'kittu'),
(82, 82, 81, '2016-09-27', '', '', 'nill', '', '', 'F', '', '', '', '', '', '', '', '', '', '', '', '', '', '', '', 0, 0, 'gender_female_1.png', '', '', '', 0, '', '', '', '', '', '', '', '', 'V', '0', 0, 0, '2016-09-27 08:34:59', 0, ''),
(83, 83, 81, '2016-09-27', '', '', 'nill', '', '', 'M', '', '', '', '', '', '', '', '', '', '', '', '', '', '', '', 0, 0, 'gender_male_1.png', '', '', '', 0, '', '', '', '', '', '', '', '', 'V', '0', 0, 0, '2016-09-27 08:34:59', 0, ''),
(84, 84, 84, '2016-09-27', 'VARUN', 'Seerayudhan', '9446092938', '11 Aug 2016', '', 'M', '0', '', '', '', '', '', '', '', '', '', '', '', 'Select Category', '0', '', 0, 0, 'gender_male_1.png', 'A Positive', 'VARUN', '', 0, '', '', '', '', '', '', '', '', 'A', '1', 0, 0, '2016-09-27 10:58:58', 1, 'Ymca'),
(85, 85, 84, '2016-09-27', '', '', 'nill', '', '', 'F', '', '', '', '', '', '', '', '', '', '', '', '', '', '', '', 0, 0, 'gender_female_1.png', '', '', '', 0, '', '', '', '', '', '', '', '', 'V', '0', 0, 0, '2016-09-27 11:02:53', 0, ''),
(86, 86, 84, '2016-09-27', '', '', 'nill', '', '', 'M', '', '', '', '', '', '', '', '', '', '', '', '', '', '', '', 0, 0, 'gender_male_1.png', '', '', '', 0, '', '', '', '', '', '', '', '', 'V', '0', 0, 0, '2016-09-27 11:02:53', 0, ''),
(87, 87, 87, '2016-09-27', 'preetha', 'madhavan', '9846039671', '', '', 'F', '0', '', '', '', '', '', '', '', '', '', '', '', 'Select Category', '0', '', 0, 0, 'gender_female_1.png', 'O Negative', 'preetha', '', 0, '', '', '', '', '', '', '', '', 'A', '1', 0, 0, '2016-10-06 15:24:44', 4, 'krishna'),
(88, 88, 87, '2016-09-27', '', '', 'nill', '', '', 'F', '', '', '', '', '', '', '', '', '', '', '', '', '', '', '', 0, 0, 'gender_female_1.png', '', '', '', 0, '', '', '', '', '', '', '', '', 'V', '0', 0, 0, '2016-09-27 15:33:30', 0, ''),
(89, 89, 87, '2016-09-27', '', '', 'nill', '', '', 'M', '', '', '', '', '', '', '', '', '', '', '', '', '', '', '', 0, 0, 'gender_male_1.png', '', '', '', 0, '', '', '', '', '', '', '', '', 'V', '0', 0, 0, '2016-09-27 15:33:30', 0, ''),
(90, 90, 90, '2016-09-28', 'Nisha', 'Cherian', '', '12 Sep 1984', '', 'F', 'M', 'Rose villa', '', '', 'Kulanada, Kerala, India', '', '', '', '', '', '', '', 'Student', '0', '', 9.25069, 76.6669, 'gender_female_2.png', 'B Negative', 'Nisha', '', 0, '', 'BBA', 'BBA', 'Bharathiar University', '', '', '', '', 'A', '1', 0, 0, '2016-09-28 06:18:51', 6, 'rosy'),
(91, 91, 90, '2016-09-28', 'Lilly', '', 'nill', '', '', 'F', '', '', '', '', '', '', '', '', '', '', '', '', '', '', '', 0, 0, 'gender_female_3.png', '', 'Lilly', '', 0, '', '', '', '', '', '', '', '', 'V', '0', 0, 0, '2016-09-28 06:22:04', 0, ''),
(92, 92, 90, '2016-09-28', 'Joy Jacob', '', 'nill', '', '', 'M', '', '', '', '', '', '', '', '', '', '', '', '', '', '', '', 0, 0, 'gender_male_1.png', '', 'Joy Jacob', '', 0, '', '', '', '', '', '', '', '', 'V', '0', 0, 0, '2016-09-28 06:22:04', 0, ''),
(93, 93, 90, '2016-09-28', 'Cherian', '', 'nill', '', '', 'M', '', '', '', '', '', '', '', '', '', '', '', '', '', '', '', 0, 0, '', '', 'Cherian', '', 0, '', '', '', '', '', '', '', '', 'V', '0', 0, 0, '2016-09-28 06:22:04', 0, ''),
(94, 94, 90, '2016-09-28', 'no_name', '', 'nill', '', '', 'M', '', '', '', '', '', '', '', '', '', '', '', '', '', '', '', 0, 0, '', '', 'no_name', '', 0, '', '', '', '', '', '', '', '', 'V', '0', 0, 0, '2016-09-28 06:22:04', 0, ''),
(95, 95, 90, '2016-09-28', 'no_name', '', 'nill', '', '', 'F', '', '', '', '', '', '', '', '', '', '', '', '', '', '', '', 0, 0, '', '', 'no_name', '', 0, '', '', '', '', '', '', '', '', 'V', '0', 0, 0, '2016-09-28 06:22:04', 0, ''),
(96, 96, 90, '2016-09-28', 'no_name', '', 'nill', '', '', 'F', '', '', '', '', '', '', '', '', '', '', '', '', '', '', '', 0, 0, '', '', 'no_name', '', 0, '', '', '', '', '', '', '', '', 'V', '0', 0, 0, '2016-09-28 06:22:04', 0, ''),
(97, 97, 90, '2016-09-28', 'no_name', '', 'nill', '', '', 'M', '', '', '', '', '', '', '', '', '', '', '', '', '', '', '', 0, 0, '', '', 'no_name', '', 0, '', '', '', '', '', '', '', '', 'V', '0', 0, 0, '2016-09-28 06:22:04', 0, ''),
(98, 98, 22, '2016-09-28', 'anitha', '', '', '', '', 'F', '', '', '', '', '', '', '', '', '', '', '', '', '', '', '', 0, 0, '', '', 'anitha', '', 0, '', '', '', '', '', '', '', '', 'V', '0', 0, 0, '2016-09-28 09:56:37', 0, ''),
(99, 99, 99, '2016-09-29', 'anju', 'george', '', '01 May 1993', 'anjugeorgeju@gmail.com', 'F', 'S', ' number 21', '', '', 'Kannanalloor, Kollam, Kerala, India', '', '', '', '', '', '', 'inometrices at technopark', 'Proffessional', '0', '', 8.89976, 76.6847, '99//upprofile.png', 'A Negative', 'anju', '', 0, 'anju george lives at kollam .b tech computer science engineering now working', 'b-tech ', '', '', '', 'web design ', '', '', 'A', '1', 0, 1, '2016-10-04 12:04:00', 3, 'kollam'),
(100, 100, 99, '2016-09-29', 'anitha', '', 'nill', '01 Jan 1974', '', 'F', '', '', '', '', '', '', '', '', '', '', '', '', '', '', '', 0, 0, 'gender_female_2.png', '', 'anitha', '', 0, '', '', '', '', '', '', '', '', 'V', '0', 0, 0, '2016-09-29 10:12:37', 0, ''),
(101, 101, 99, '2016-09-29', 'george', '', 'nill', '04 Feb 1971', '', 'M', '', '', '', '', '', '', '', '', '', '', '', '', '', '', '', 0, 0, 'gender_male_3.png', '', 'george', '', 0, '', '', '', '', '', '', '', '', 'V', '0', 0, 0, '2016-09-29 10:12:37', 0, ''),
(102, 102, 99, '2016-09-29', 'no_name', '', 'nill', '', '', 'M', '', '', '', '', '', '', '', '', '', '', '', '', '', '', '', 0, 0, '', '', 'no_name', '', 0, '', '', '', '', '', '', '', '', 'V', '0', 0, 0, '2016-09-29 10:12:37', 0, ''),
(103, 103, 99, '2016-09-29', 'no_name', '', 'nill', '', '', 'F', '', '', '', '', '', '', '', '', '', '', '', '', '', '', '', 0, 0, '', '', 'no_name', '', 0, '', '', '', '', '', '', '', '', 'V', '0', 0, 0, '2016-09-29 10:12:37', 0, ''),
(104, 104, 104, '2016-09-29', 'Mahima', '', '9264457711', '19 Feb 1998', '', 'F', 'M', '11/8, FACT Quarters', '', '', 'FACT Training Centre, Eloor, Ernakulam, Kerala, India', '', '', '', '', 'Engineer', '', 'TCS', '', '', '', 10.0729, 76.2966, '104/profile.png', 'AB Positive', 'Mahima', '', 0, 'When she reached the first hills of the Italic Mountains, she had a last view back on the skyline of her hometown Bookmarksgrove, the headline of Alphabet Village and the subline of her own road, the Line Lane', '', '', '', '', '', '', '', 'A', '0', 0, 0, '2016-09-29 13:38:46', 0, ''),
(105, 105, 104, '2016-09-29', 'Sobha', '', 'nill', '', '', 'F', '', '', '', '', '', '', '', '', '', '', '', '', '', '', '', 0, 0, '', '', 'Sobha', '', 0, '', '', '', '', '', '', '', '', 'V', '0', 0, 0, '2016-09-29 13:34:01', 0, ''),
(106, 106, 104, '2016-09-29', 'Thomas', '', 'nill', '0', '', 'M', '', '', '', '', '', '', '', '', '', '', '', '', '', '', '', 0, 0, '', '', 'Thomas', '', 0, '', '', '', '', '', '', '', '', 'V', '0', 0, 0, '2016-09-29 13:34:01', 0, ''),
(107, 107, 104, '2016-09-29', 'Bijo', '', 'nill', '', '', 'M', '', '', '', '', '', '', '', '', '', '', '', '', '', '', '', 0, 0, '', '', 'Bijo', '', 0, '', '', '', '', '', '', '', '', 'V', '0', 0, 0, '2016-09-29 13:35:35', 0, ''),
(108, 108, 104, '2016-09-29', 'no_name', '', 'nill', '', '', 'M', '', '', '', '', '', '', '', '', '', '', '', '', '', '', '', 0, 0, '', '', 'no_name', '', 0, '', '', '', '', '', '', '', '', 'V', '0', 0, 0, '2016-09-29 13:35:35', 0, ''),
(109, 109, 104, '2016-09-29', 'no_name', '', 'nill', '', '', 'M', '', '', '', '', '', '', '', '', '', '', '', '', '', '', '', 0, 0, '', '', 'no_name', '', 0, '', '', '', '', '', '', '', '', 'V', '0', 0, 0, '2016-09-29 13:35:35', 0, ''),
(110, 110, 104, '2016-09-29', 'no_name', '', 'nill', '', '', 'F', '', '', '', '', '', '', '', '', '', '', '', '', '', '', '', 0, 0, '', '', 'no_name', '', 0, '', '', '', '', '', '', '', '', 'V', '0', 0, 0, '2016-09-29 13:35:35', 0, ''),
(111, 111, 104, '2016-09-29', 'no_name', '', 'nill', '', '', 'M', '', '', '', '', '', '', '', '', '', '', '', '', '', '', '', 0, 0, '', '', 'no_name', '', 0, '', '', '', '', '', '', '', '', 'V', '0', 0, 0, '2016-09-29 13:35:35', 0, ''),
(112, 112, 104, '2016-09-29', 'no_name', '', 'nill', '', '', 'M', '', '', '', '', '', '', '', '', '', '', '', '', '', '', '', 0, 0, '', '', 'no_name', '', 0, '', '', '', '', '', '', '', '', 'V', '0', 0, 0, '2016-09-29 13:35:35', 0, ''),
(113, 113, 113, '2016-09-29', 'Chindukrishna', '', '9847540368', '', '', 'M', '', 'sruthi', '', '', 'Neeravil, Kerala, India', '', '', '', '', '', '', '', '', '', '', 8.92875, 76.5936, '', '', 'Chindukrishna', '', 0, '', '', '', '', '', '', '', '', 'A', '0', 0, 1, '2016-10-06 18:07:12', 0, ''),
(114, 114, 113, '2016-09-29', 'mother', '', 'nill', '', '', 'F', '', '', '', '', '', '', '', '', '', '', '', '', '', '', '', 0, 0, '', '', 'mother', '', 0, '', '', '', '', '', '', '', '', 'V', '0', 0, 0, '2016-09-29 16:15:16', 0, ''),
(115, 115, 113, '2016-09-29', 'father', '', 'nill', '0', '', 'M', '', '', '', '', '', '', '', '', '', '', '', '', '', '', '', 0, 0, '', '', 'father', '', 0, '', '', '', '', '', '', '', '', 'V', '0', 0, 0, '2016-09-29 16:15:16', 0, ''),
(116, 116, 116, '2016-09-30', 'Swathy Shyam', '', '9564781234', '04 Sep 1991', '', 'F', 'M', 'Pazhatt', '', '', 'Irinjalakuda, Kerala, India', '', '', '', '', '', '', '', '', '', '', 10.3472, 76.2132, 'gender_female_3.png', 'B Positive', 'Swathy Shyam', '', 0, 'Pityful a rethoric question ran over her cheek, then she continued her way. On her way she met a copy', '', '', '', '', '', '', '', 'A', '0', 0, 0, '2016-09-30 05:44:28', 0, ''),
(117, 117, 116, '2016-09-30', 'Renu', '', 'nill', '', '', 'F', '', '', '', '', '', '', '', '', '', '', '', '', '', '', '', 0, 0, '', '', 'Renu', '', 0, '', '', '', '', '', '', '', '', 'V', '0', 0, 0, '2016-09-30 05:47:02', 0, ''),
(118, 118, 116, '2016-09-30', 'Sarath', '', 'nill', '0', '', 'M', '', '', '', '', '', '', '', '', '', '', '', '', '', '', '', 0, 0, '', '', 'Sarath', '', 0, '', '', '', '', '', '', '', '', 'V', '0', 0, 0, '2016-09-30 05:47:02', 0, ''),
(119, 119, 116, '2016-09-30', 'Shyam Mohan', '', 'nill', '', '', 'M', '', '', '', '', '', '', '', '', '', '', '', '', '', '', '', 0, 0, '', '', 'Shyam Mohan', '', 0, '', '', '', '', '', '', '', '', 'V', '0', 0, 0, '2016-09-30 05:49:39', 0, ''),
(120, 120, 116, '2016-09-30', 'no_name', '', 'nill', '', '', 'M', '', '', '', '', '', '', '', '', '', '', '', '', '', '', '', 0, 0, '', '', 'no_name', '', 0, '', '', '', '', '', '', '', '', 'V', '0', 0, 0, '2016-09-30 05:49:39', 0, ''),
(121, 121, 116, '2016-09-30', 'no_name', '', 'nill', '', '', 'F', '', '', '', '', '', '', '', '', '', '', '', '', '', '', '', 0, 0, '', '', 'no_name', '', 0, '', '', '', '', '', '', '', '', 'V', '0', 0, 0, '2016-09-30 05:49:39', 0, ''),
(122, 122, 116, '2016-09-30', 'no_name', '', 'nill', '', '', 'M', '', '', '', '', '', '', '', '', '', '', '', '', '', '', '', 0, 0, '', '', 'no_name', '', 0, '', '', '', '', '', '', '', '', 'V', '0', 0, 0, '2016-09-30 05:49:39', 0, ''),
(123, 123, 116, '2016-09-30', 'no_name', '', 'nill', '', '', 'M', '', '', '', '', '', '', '', '', '', '', '', '', '', '', '', 0, 0, '', '', 'no_name', '', 0, '', '', '', '', '', '', '', '', 'V', '0', 0, 0, '2016-09-30 05:49:39', 0, ''),
(124, 124, 124, '2016-09-30', 'umeshprakash', '', 'umeshprakash@gmail.com', '', '', 'M', '0', '22', '', '', 'Kannanalloor, Kollam, Kerala, India', '', '', '', '', '', '', '', '', '', '', 8.89976, 76.6847, 'gender_male_1.png', 'A Positive', 'umeshprakash', '', 0, '', '', '', '', '', '', '', '', 'A', '0', 0, 1, '2016-09-30 07:41:38', 0, ''),
(125, 125, 125, '2016-09-30', 'nithyanandan sathyanathan', '', 'nill', '', '', '', '', '', '', '', '', '', '', '', '', '', '', '', '', '', '', 0, 0, '', '', 'nithyanandan sathyanathan', '', 0, '', '', '', '', '', '', '', '', '', '0', 0, 0, '2016-09-30 06:03:15', 0, ''),
(126, 126, 124, '2016-09-30', 'anitha', '', 'nill', '', '', 'F', '', '', '', '', '', '', '', '', '', '', '', '', '', '', '', 0, 0, '', '', 'anitha', '', 0, '', '', '', '', '', '', '', '', 'V', '0', 0, 0, '2016-09-30 06:07:09', 0, ''),
(127, 127, 124, '2016-09-30', 'ravi', '', 'nill', '0', '', 'M', '', '', '', '', '', '', '', '', '', '', '', '', '', '', '', 0, 0, '', '', 'ravi', '', 0, '', '', '', '', '', '', '', '', 'V', '0', 0, 0, '2016-09-30 06:07:09', 0, ''),
(128, 128, 128, '2016-09-30', 'vibin', '', 'nill', '', '', '', '', '', '', '', '', '', '', '', '', '', '', '', '', '', '', 0, 0, '', '', 'vibin', '', 0, '', '', '', '', '', '', '', '', '', '0', 0, 0, '2016-09-30 07:15:04', 0, ''),
(129, 129, 129, '2016-09-30', 'Akhilnath', '', '9539125956', '', '', 'M', '', 'kalathivila', '', '', 'Chakkuvally, Kerala, India', '', '', '', '', '', '', '', '', '', '', 9.08994, 76.6456, '', '', 'Akhilnath', '', 0, '', '', '', '', '', '', '', '', 'A', '0', 0, 0, '2016-09-30 09:11:32', 0, ''),
(130, 130, 129, '2016-09-30', 'Mini surendran', '', 'nill', '', '', 'F', '', '', '', '', '', '', '', '', '', '', '', '', '', '', '', 0, 0, '', '', 'Mini surendran', '', 0, '', '', '', '', '', '', '', '', 'V', '0', 0, 0, '2016-09-30 08:51:23', 0, ''),
(131, 131, 129, '2016-09-30', 'surendran nair', '', 'nill', '0', '', 'M', '', '', '', '', '', '', '', '', '', '', '', '', '', '', '', 0, 0, '', '', 'surendran nair', '', 0, '', '', '', '', '', '', '', '', 'V', '0', 0, 0, '2016-09-30 08:51:23', 0, ''),
(132, 132, 132, '2016-09-30', 'Anju', 'Gopinath', '9695912485', '14 June 1991', '', 'F', 'M', '', '', '', '', '', '', '', '', 'Nurse', '', 'Medical Trust Hospital', '', '', '', 0, 0, 'gender_female_1.png', 'A Positive', 'Anju', '', 0, 'When she reached the first hills of the Italic Mountains, she had a last view back on the skyline of her hometown Bookmarksgrove, the headline of Alphabet Village and the subline of her own road, the Line Lane', '', '', '', '', '', '', '', 'A', '0', 0, 0, '2016-09-30 14:46:02', 0, ''),
(133, 133, 132, '2016-09-30', 'Geetha', '', 'nill', '', '', 'F', '', '', '', '', '', '', '', '', '', '', '', '', '', '', '', 0, 0, '', '', 'Geetha', '', 0, '', '', '', '', '', '', '', '', 'V', '0', 0, 0, '2016-09-30 14:43:19', 0, ''),
(134, 134, 132, '2016-09-30', 'Gopinath', '', 'nill', '0', '', 'M', '', '', '', '', '', '', '', '', '', '', '', '', '', '', '', 0, 0, '', '', 'Gopinath', '', 0, '', '', '', '', '', '', '', '', 'V', '0', 0, 0, '2016-09-30 14:43:19', 0, ''),
(135, 135, 132, '2016-09-30', 'Vinay N', '', 'nill', '', '', 'M', '', '', '', '', '', '', '', '', '', '', '', '', '', '', '', 0, 0, '', '', 'Vinay N', '', 0, '', '', '', '', '', '', '', '', 'V', '0', 0, 0, '2016-09-30 14:44:20', 0, ''),
(136, 136, 132, '2016-09-30', 'no_name', '', 'nill', '', '', 'M', '', '', '', '', '', '', '', '', '', '', '', '', '', '', '', 0, 0, '', '', 'no_name', '', 0, '', '', '', '', '', '', '', '', 'V', '0', 0, 0, '2016-09-30 14:44:20', 0, ''),
(137, 137, 132, '2016-09-30', 'no_name', '', 'nill', '', '', 'F', '', '', '', '', '', '', '', '', '', '', '', '', '', '', '', 0, 0, '', '', 'no_name', '', 0, '', '', '', '', '', '', '', '', 'V', '0', 0, 0, '2016-09-30 14:44:20', 0, ''),
(138, 138, 132, '2016-09-30', 'no_name', '', 'nill', '', '', 'M', '', '', '', '', '', '', '', '', '', '', '', '', '', '', '', 0, 0, '', '', 'no_name', '', 0, '', '', '', '', '', '', '', '', 'V', '0', 0, 0, '2016-09-30 14:44:20', 0, ''),
(139, 139, 132, '2016-09-30', 'no_name', '', 'nill', '', '', 'M', '', '', '', '', '', '', '', '', '', '', '', '', '', '', '', 0, 0, '', '', 'no_name', '', 0, '', '', '', '', '', '', '', '', 'V', '0', 0, 0, '2016-09-30 14:44:20', 0, ''),
(140, 140, 132, '2016-09-30', 'no_name', '', 'nill', '', '', 'M', '', '', '', '', '', '', '', '', '', '', '', '', '', '', '', 0, 0, '', '', 'no_name', '', 0, '', '', '', '', '', '', '', '', 'V', '0', 0, 0, '2016-09-30 14:44:20', 0, ''),
(141, 141, 141, '2016-10-01', 'inometrics', 'P', '9847540368', '', '', 'M', '', 'location', '', '', 'Neeravil Junction Bus Stop, Pillaiveedu, Kerala, India', '', '', '', '', 'professional ', '', 'inometrics', 'IT', 'manager', '', 8.92712, 76.5884, '', '', 'inometrics', '', 0, '', '', '', '', '', '', 'myFamily', '', 'A', '0', 0, 0, '2016-10-09 08:38:03', 0, ''),
(142, 142, 141, '2016-10-01', 'mother', '', 'nill', '', '', 'F', '', '', '', '', '', '', '', '', '', '', '', '', '', '', '', 0, 0, '', '', 'mother', '', 0, '', '', '', '', '', '', '', '', 'V', '0', 0, 0, '2016-09-30 18:45:18', 0, ''),
(143, 143, 141, '2016-10-01', 'father', '', 'nill', '0', '', 'M', '', '', '', '', '', '', '', '', '', '', '', '', '', '', '', 0, 0, '', '', 'father', '', 0, '', '', '', '', '', '', '', '', 'V', '0', 0, 0, '2016-09-30 18:45:18', 0, ''),
(144, 144, 144, '2016-10-02', 'varun', '', '12121221', '', '', 'M', '', 'wqwq', '', '', 'qwqw', '', '', '', '', '', '', '', '', '', '', 0, 0, '', '', 'varun', '', 0, '', '', '', '', '', '', '', '', 'A', '0', 0, 0, '2016-10-02 07:43:37', 0, ''),
(145, 145, 144, '2016-10-02', 'qwqw', '', 'nill', '', '', 'F', '', '', '', '', '', '', '', '', '', '', '', '', '', '', '', 0, 0, '', '', 'qwqw', '', 0, '', '', '', '', '', '', '', '', 'V', '0', 0, 0, '2016-10-02 07:45:56', 0, ''),
(146, 146, 144, '2016-10-02', 'qwq', '', 'nill', '0', '', 'M', '', '', '', '', '', '', '', '', '', '', '', '', '', '', '', 0, 0, '', '', 'qwq', '', 0, '', '', '', '', '', '', '', '', 'V', '0', 0, 0, '2016-10-02 07:45:56', 0, ''),
(147, 147, 147, '2016-10-03', 'gouthem', 'raj', 'gouthemraj21@gmail.com', '', '', 'M', '0', '24', '', '', 'Kottiyam Kundara Road, Perumpuzha, Kundara, Kerala, India', '', '', '', '', 'job', '', 'inometrics', 'marketing', 'marketing', '', 8.92877, 76.6771, 'gender_male_1.png', 'A Positive', 'kannan', '', 0, '', '', '', '', '', '', 'father,mother and two sisters', '', 'A', '0', 0, 0, '2016-10-04 06:15:24', 0, ''),
(148, 148, 147, '2016-10-03', 'anitha', '', 'nill', '', '', 'F', '', '', '', '', '', '', '', '', '', '', '', '', '', '', '', 0, 0, '', '', 'anitha', '', 0, '', '', '', '', '', '', '', '', 'V', '0', 0, 0, '2016-10-03 05:15:56', 0, ''),
(149, 149, 147, '2016-10-03', 'raj', '', 'nill', '0', '', 'M', '', '', '', '', '', '', '', '', '', '', '', '', '', '', '', 0, 0, '', '', 'raj', '', 0, '', '', '', '', '', '', '', '', 'V', '0', 0, 0, '2016-10-03 05:15:56', 0, ''),
(150, 150, 147, '2016-10-03', 'no_name', '', 'nill', '', '', 'M', '', '', '', '', '', '', '', '', '', '', '', '', '', '', '', 0, 0, '', '', 'no_name', '', 0, '', '', '', '', '', '', '', '', 'V', '0', 0, 0, '2016-10-03 05:28:53', 0, ''),
(151, 151, 147, '2016-10-03', 'no_name', '', 'nill', '', '', 'F', '', '', '', '', '', '', '', '', '', '', '', '', '', '', '', 0, 0, '', '', 'no_name', '', 0, '', '', '', '', '', '', '', '', 'V', '0', 0, 0, '2016-10-03 05:28:53', 0, ''),
(152, 152, 147, '2016-10-03', 'asha', '', 'nill', '1999-01-01 17:21', '', 'F', '', '', '', '', '', '', '', '', '', '', '', '', '', '', '', 0, 0, '152//upprofile.png', 'o  ', 'no_name', '', 0, '', '', '', '', '', '', '', '', 'V', '0', 0, 0, '2016-10-03 05:28:53', 0, ''),
(153, 153, 153, '2016-10-03', 'ajai', '', 'nill', '', '', '', '', '', '', '', '', '', '', '', '', '', '', '', '', '', '', 0, 0, '', '', 'ajai', '', 0, '', '', '', '', '', '', '', '', '', '0', 0, 0, '2016-10-03 12:08:29', 0, ''),
(155, 155, 155, '2016-10-04', 'arjun', 'yes', 'arjunravi599@gmail.com', '', '', 'M', '', '21/2', '', '', 'Kulappadam Road, Pallimon, Kollam, Kerala, India', '', '', '', '', '', '', '', '', '', '', 8.90264, 76.705, '155//upprofile.png', '', 'arjun', '', 0, '', '', '', '', '', '', '', '', 'A', '0', 0, 0, '2016-10-04 12:02:23', 0, ''),
(156, 156, 155, '2016-10-04', 'anitha', '', 'nill', '', '', 'F', '', '', '', '', '', '', '', '', '', '', '', '', '', '', '', 0, 0, '', '', 'anitha', '', 0, '', '', '', '', '', '', '', '', 'V', '0', 0, 0, '2016-10-04 06:55:09', 0, ''),
(157, 157, 155, '2016-10-04', 'ravi', '', 'nill', '0', '', 'M', '', '', '', '', '', '', '', '', '', '', '', '', '', '', '', 0, 0, '', '', 'ravi', '', 0, '', '', '', '', '', '', '', '', 'V', '0', 0, 0, '2016-10-04 06:55:09', 0, ''),
(158, 158, 158, '2016-10-04', 'jessy', '', '9596245612', '25/02/1998', '', 'F', 'M', '', '', '', '', 'Select District', 'Select State', '', '', '', '', '', 'Proffessional', '', '', 0, 0, '158/profile1.png', 'A Positive', 'jessy', '', 0, '', '', '', '', '', '', '', '', 'A', '0', 0, 1, '2016-10-04 10:02:46', 0, ''),
(159, 160, 158, '2016-10-04', 'Jeena', '', 'nill', '', '', 'F', '', '', '', '', '', '', '', '', '', '', '', '', '', '', '', 0, 0, '', '', 'Jeena', '', 0, '', '', '', '', '', '', '', '', 'V', '0', 0, 0, '2016-10-04 09:31:12', 0, ''),
(160, 161, 158, '2016-10-04', 'John', '', 'nill', '0', '', 'M', '', '', '', '', '', '', '', '', '', '', '', '', '', '', '', 0, 0, '', '', 'John', '', 0, '', '', '', '', '', '', '', '', 'V', '0', 0, 0, '2016-10-04 09:31:12', 0, ''),
(161, 162, 158, '2016-10-04', 'vivek', '', 'nill', '', '', 'M', '', '', '', '', '', '', '', '', '', '', '', '', '', '', '', 0, 0, '', '', 'vivek', '', 0, '', '', '', '', '', '', '', '', 'V', '0', 0, 0, '2016-10-04 09:32:15', 0, ''),
(162, 163, 158, '2016-10-04', 'no_name', '', 'nill', '', '', 'M', '', '', '', '', '', '', '', '', '', '', '', '', '', '', '', 0, 0, '', '', 'no_name', '', 0, '', '', '', '', '', '', '', '', 'V', '0', 0, 0, '2016-10-04 09:32:15', 0, ''),
(163, 164, 158, '2016-10-04', 'no_name', '', 'nill', '', '', 'M', '', '', '', '', '', '', '', '', '', '', '', '', '', '', '', 0, 0, '', '', 'no_name', '', 0, '', '', '', '', '', '', '', '', 'V', '0', 0, 0, '2016-10-04 09:32:15', 0, ''),
(164, 165, 155, '2016-10-04', 'anitha', '', '', '', '', 'F', '', '', '', '', '', '', '', '', '', '', '', '', '', '', '', 0, 0, 'Chrysanthemum.jpg', '', 'anitha', '', 0, '', '', '', '', '', '', '', '', 'V', '0', 0, 0, '2016-10-04 09:32:58', 0, ''),
(165, 166, 155, '2016-10-04', 'ravi', '', '', '', '', 'M', '', '', '', '', '', '', '', '', '', '', '', '', '', '', '', 0, 0, 'Hydrangeas2.jpg', '', 'ravi', '', 0, '', '', '', '', '', '', '', '', 'V', '0', 0, 0, '2016-10-04 09:33:52', 0, ''),
(166, 167, 167, '2016-10-04', 'Remya', '', 'nill', '', '', '', '', '', '', '', '', '', '', '', '', '', '', '', '', '', '', 0, 0, '', '', 'Remya', '', 0, '', '', '', '', '', '', '', '', '', '0', 0, 0, '2016-10-04 09:34:24', 0, ''),
(167, 168, 155, '2016-10-04', 'arjun', '', '8129544329', '', '', 'M', '', '', '', '', '', '', '', '', '', '', '', '', '', '', '', 0, 0, 'Koala.jpg', '', 'arjun', '', 0, '', '', '', '', '', '', '', '', 'V', '0', 0, 0, '2016-10-04 09:34:55', 0, ''),
(168, 169, 155, '2016-10-04', 'umesh', '', '8129544329', '', '', 'M', '', '', '', '', '', '', '', '', '', '', '', '', '', '', '', 0, 0, 'Lighthouse.jpg', '', 'umesh', '', 0, '', '', '', '', '', '', '', '', 'V', '0', 0, 0, '2016-10-04 09:39:17', 0, ''),
(169, 170, 170, '2016-10-04', 'Remya S', '', 'nill', '', '', '', '', '', '', '', '', '', '', '', '', '', '', '', '', '', '', 0, 0, '', '', 'Remya S', '', 0, '', '', '', '', '', '', '', '', '', '0', 0, 0, '2016-10-04 10:03:21', 0, ''),
(170, 171, 171, '2016-10-04', 'Raji', '', 'nill', '', '', '', '', '', '', '', '', '', '', '', '', '', '', '', '', '', '', 0, 0, '', '', 'Raji', '', 0, '', '', '', '', '', '', '', '', '', '0', 0, 0, '2016-10-04 10:04:57', 0, ''),
(171, 172, 172, '2016-10-04', 'Remya', '', 'nill', '', '', '', '', '', '', '', '', '', '', '', '', '', '', '', '', '', '', 0, 0, '', '', 'Remya', '', 0, '', '', '', '', '', '', '', '', '', '0', 0, 0, '2016-10-04 10:08:25', 0, ''),
(172, 173, 155, '2016-10-04', 'devi', '', '', '', '', 'F', '', '', '', '', '', '', '', '', '', '', '', '', '', '', '', 0, 0, '', '', 'devi', '', 0, '', '', '', '', '', '', '', '', 'V', '0', 0, 0, '2016-10-04 11:56:17', 0, ''),
(173, 174, 155, '2016-10-04', 'hvh', '', '3416416565', '', '', 'F', '', '', '', '', '', '', '', '', '', '', '', '', '', '', '', 0, 0, '', '', 'hvh', '', 0, '', '', '', '', '', '', '', '', 'V', '0', 0, 0, '2016-10-04 11:56:57', 0, ''),
(176, 177, 177, '2016-10-05', 'hari', '', 'harikrishan087@gmail.com', '', '', 'M', '0', '23', '', '', 'Kudavattoor, Kollam, Kerala, India', '', '', '', '', '', '', '', '', '', '', 8.92718, 76.7369, 'gender_male_1.png', 'A Positive', 'hari', '', 0, '', '', '', '', '', '', '', '', 'A', '0', 0, 1, '2016-12-05 07:29:32', 0, ''),
(177, 178, 177, '2016-10-05', 'geetha', '', 'nill', '', '', 'F', '', '', '', '', '', '', '', '', '', '', '', '', '', '', '', 0, 0, '', '', 'geetha', '', 0, '', '', '', '', '', '', '', '', 'V', '0', 0, 0, '2016-10-05 05:19:08', 0, ''),
(178, 179, 177, '2016-10-05', 'krishan', '', 'nill', '0', '', 'M', '', '', '', '', '', '', '', '', '', '', '', '', '', '', '', 0, 0, '', '', 'krishan', '', 0, '', '', '', '', '', '', '', '', 'V', '0', 0, 0, '2016-10-05 05:19:08', 0, ''),
(180, 181, 181, '2016-10-05', 'Manya', '', '9598461234', '', '', 'F', 'S', '', '', '', '', '', '', '', '', '', '', '', '', '', '', 0, 0, '181/profile.png', 'A Positive', 'Manya', '', 0, '', '', '', '', '', '', '', '', 'A', '0', 0, 0, '2016-10-05 13:17:42', 0, ''),
(181, 182, 181, '2016-10-05', 'Raji', '', 'nill', '', '', 'F', '', '', '', '', '', '', '', '', '', '', '', '', '', '', '', 0, 0, '', '', 'Raji', '', 0, '', '', '', '', '', '', '', '', 'V', '0', 0, 0, '2016-10-05 13:09:17', 0, ''),
(182, 183, 181, '2016-10-05', 'Jay', '', 'nill', '0', '', 'M', '', '', '', '', '', '', '', '', '', '', '', '', '', '', '', 0, 0, '', '', 'Jay', '', 0, '', '', '', '', '', '', '', '', 'V', '0', 0, 0, '2016-10-05 13:09:17', 0, ''),
(183, 184, 181, '2016-10-05', 'no_name', '', 'nill', '', '', 'M', '', '', '', '', '', '', '', '', '', '', '', '', '', '', '', 0, 0, '', '', 'no_name', '', 0, '', '', '', '', '', '', '', '', 'V', '0', 0, 0, '2016-10-05 13:11:19', 0, ''),
(184, 185, 181, '2016-10-05', 'Dhanya', '', '', '', '', 'F', '', '', '', '', '', '', '', '', '', '', '', '', '', '', '', 0, 0, '', '', 'Dhanya', '', 0, '', '', '', '', '', '', '', '', 'V', '0', 0, 0, '2016-10-05 13:11:19', 0, ''),
(185, 186, 181, '2016-10-05', 'Rejilesh', '', '', '', '', 'M', '', '', '', '', '', '', '', '', '', '', '', '', '', '', '', 0, 0, '', '', 'Rejilesh', '', 0, '', '', '', '', '', '', '', '', 'V', '0', 0, 0, '2016-10-05 13:11:42', 0, ''),
(186, 187, 181, '2016-10-05', 'Devan', '', '', '', '', 'M', '', '', '', '', '', '', '', '', '', '', '', '', '', '', '', 0, 0, '', '', 'Devan', '', 0, '', '', '', '', '', '', '', '', 'V', '0', 0, 0, '2016-10-05 13:12:22', 0, ''),
(188, 189, 188, '2016-10-05', 'lakshmi', '', 'nill', '', '', 'F', '', '', '', '', '', '', '', '', '', '', '', '', '', '', '', 0, 0, '', '', 'lakshmi', '', 0, '', '', '', '', '', '', '', '', 'V', '0', 0, 0, '2016-10-05 13:16:20', 0, ''),
(189, 190, 188, '2016-10-05', 'nachimuthu', '', 'nill', '0', '', 'M', '', '', '', '', '', '', '', '', '', '', '', '', '', '', '', 0, 0, '', '', 'nachimuthu', '', 0, '', '', '', '', '', '', '', '', 'V', '0', 0, 0, '2016-10-05 13:16:20', 0, ''),
(190, 191, 188, '2016-10-05', 'mahendiran', '', '', '', '', 'M', '', '', '', '', '', '', '', '', '', '', '', '', '', '', '', 0, 0, '191/Penguins.jpg', '', 'mahendiran', '', 0, '', '', '', '', '', '', '', '', 'V', '0', 0, 0, '2016-10-05 13:16:59', 0, ''),
(193, 194, 194, '2016-10-06', 'Vinaya', '', '9895912118', '15 June 1989', '', 'F', 'S', 'Karuna', '', '', 'Kottayam, Kerala, India', '', '', '', '', '', '', '', '', '', '', 9.59233, 76.5204, 'gender_female_3.png', 'A Positive', 'Vinaya', '', 0, '', '', '', '', '', '', '', '', 'A', '0', 0, 0, '2016-10-07 13:26:48', 0, ''),
(194, 195, 194, '2016-10-06', 'Vijitha', '', 'nill', '', '', 'F', '', '', '', '', '', '', '', '', '', '', '', '', '', '', '', 0, 0, '', '', 'Vijitha', '', 0, '', '', '', '', '', '', '', '', 'V', '0', 0, 0, '2016-10-06 11:28:14', 0, ''),
(195, 196, 194, '2016-10-06', 'Vijayan', '', 'nill', '0', '', 'M', '', '', '', '', '', '', '', '', '', '', '', '', '', '', '', 0, 0, '', '', 'Vijayan', '', 0, '', '', '', '', '', '', '', '', 'V', '0', 0, 0, '2016-10-06 11:28:14', 0, ''),
(196, 197, 194, '2016-10-06', 'no_name', '', 'nill', '', '', 'M', '', '', '', '', '', '', '', '', '', '', '', '', '', '', '', 0, 0, '', '', 'no_name', '', 0, '', '', '', '', '', '', '', '', 'V', '0', 0, 0, '2016-10-06 11:29:31', 0, ''),
(197, 198, 194, '2016-10-06', 'no_name', '', 'nill', '', '', 'F', '', '', '', '', '', '', '', '', '', '', '', '', '', '', '', 0, 0, '', '', 'no_name', '', 0, '', '', '', '', '', '', '', '', 'V', '0', 0, 0, '2016-10-06 11:29:31', 0, ''),
(198, 199, 199, '2016-10-06', 'Meena', '', '1234567890', '', '', 'F', '', '', '', '', '', '', '', '', '', '', '', '', '', '', '', 0, 0, '', '', 'Meena', '', 0, '', '', '', '', '', '', '', '', 'A', '0', 0, 1, '2016-10-06 13:30:46', 0, ''),
(199, 200, 199, '2016-10-06', 'Maya', '', 'nill', '', '', 'F', '', '', '', '', '', '', '', '', '', '', '', '', '', '', '', 0, 0, '', '', 'Maya', '', 0, '', '', '', '', '', '', '', '', 'V', '0', 0, 0, '2016-10-06 13:28:42', 0, '');
INSERT INTO `roottildb_user_profile` (`roottilDb_user_profile_id`, `roottilDb_user_id`, `roottilDb_user_profile_created_by`, `roottilDb_user_profile_created_date`, `roottilDb_user_profile_name`, `roottilDb_user_lname`, `roottilDb_user_profile_phone`, `roottilDb_user_profile_dob`, `roottilDb_user_profile_alter_email`, `roottilDb_user_profile_gender`, `roottilDb_user_profile_merital_status`, `roottilDb_user_profile_house_no`, `roottilDb_user_profile_address_1`, `roottilDb_user_profile_address_2`, `roottilDb_user_profile_city`, `roottilDb_user_profile_district`, `roottilDb_user_profile_state`, `roottilDb_user_profile_country`, `roottilDb_user_profile_pincode`, `roottilDb_user_profile_occupation`, `roottilDb_user_profile_spec_job`, `roottilDb_user_profile_employed_in`, `roottilDb_user_profile_job_category`, `roottilDb_user_profile_job_description`, `roottilDb_user_profile_home`, `roottilDb_user_profile_latitute`, `roottilDb_user_profile_longitude`, `roottilDb_user_profile_image`, `roottilDb_user_profile_blood_group`, `roottilDb_user_profile_nick_name`, `roottilDb_user_profile_spouses`, `roottilDb_user_profile_children`, `roottilDb_profile_personal_life_details`, `roottilDb_profile_education_details`, `roottilDb_user_profile_edu`, `roottilDb_user_profile_univ`, `roottilDb_profile_marriage_details`, `roottilDb_profile_job_details`, `roottilDb_profile_family_details`, `roottilDb_profile_achievement_details`, `roottilDb_user_profile_status`, `roottilDb_user_wizard_status`, `roottilDb_user_family_link`, `roottilDb_user_online`, `roottilDb_user_login_time`, `security_ques`, `security_ans`) VALUES
(200, 201, 199, '2016-10-06', 'Mohan', '', 'nill', '0', '', 'M', '', '', '', '', '', '', '', '', '', '', '', '', '', '', '', 0, 0, '', '', 'Mohan', '', 0, '', '', '', '', '', '', '', '', 'V', '0', 0, 0, '2016-10-06 13:28:42', 0, ''),
(201, 202, 202, '2016-10-06', 'Varadha', '', '9895912118', '', '', 'F', '', '', '', '', '', '', '', '', '', '', '', '', '', '', '', 0, 0, '', '', 'Varadha', '', 0, '', '', '', '', '', '', '', '', 'A', '0', 0, 1, '2016-10-06 13:34:31', 0, ''),
(202, 203, 202, '2016-10-06', 'Meera', '', 'nill', '', '', 'F', '', '', '', '', '', '', '', '', '', '', '', '', '', '', '', 0, 0, '', '', 'Meera', '', 0, '', '', '', '', '', '', '', '', 'V', '0', 0, 0, '2016-10-06 13:33:26', 0, ''),
(203, 204, 202, '2016-10-06', 'Mohan', '', 'nill', '0', '', 'M', '', '', '', '', '', '', '', '', '', '', '', '', '', '', '', 0, 0, '', '', 'Mohan', '', 0, '', '', '', '', '', '', '', '', 'V', '0', 0, 0, '2016-10-06 13:33:26', 0, ''),
(204, 205, 205, '2016-10-07', 'tamil', '', '97554545', '27 Jan 2010', '', 'F', 'S', '', '', '', '', '', '', '', '', '', '', '', '', '', '', 0, 0, '205/profile.png', 'A Positive', 'tamil', '', 0, '', '', '', '', '', '', '', '', 'A', '0', 0, 0, '2016-10-07 04:29:29', 0, ''),
(205, 206, 205, '2016-10-07', 'df', '', 'nill', '', '', 'F', '', '', '', '', '', '', '', '', '', '', '', '', '', '', '', 0, 0, '', '', 'df', '', 0, '', '', '', '', '', '', '', '', 'V', '0', 0, 0, '2016-10-07 04:29:51', 0, ''),
(206, 207, 205, '2016-10-07', 'dfds', '', 'nill', '0', '', 'M', '', '', '', '', '', '', '', '', '', '', '', '', '', '', '', 0, 0, '', '', 'dfds', '', 0, '', '', '', '', '', '', '', '', 'V', '0', 0, 0, '2016-10-07 04:29:51', 0, ''),
(207, 208, 205, '2016-10-07', 'no_name', '', 'nill', '', '', 'M', '', '', '', '', '', '', '', '', '', '', '', '', '', '', '', 0, 0, '', '', 'no_name', '', 0, '', '', '', '', '', '', '', '', 'V', '0', 0, 0, '2016-10-07 04:30:42', 0, ''),
(208, 209, 205, '2016-10-07', 'no_name', '', 'nill', '', '', 'F', '', '', '', '', '', '', '', '', '', '', '', '', '', '', '', 0, 0, '', '', 'no_name', '', 0, '', '', '', '', '', '', '', '', 'V', '0', 0, 0, '2016-10-07 04:30:42', 0, ''),
(209, 210, 210, '2016-10-07', 'Robin p mathew', '', '7736376050', '', '', 'M', 'S', 'Mappottil', '', '', 'Chengannoor Road, Puliyoor, Kerala, India', '', '', '', '', '', '', '', '', '', '', 9.30044, 76.5811, 'gender_male_1.png', 'A Positive', 'Robin p mathew', '', 0, '', '', '', '', '', '', '', '', 'A', '0', 0, 0, '2016-10-07 04:37:54', 0, ''),
(210, 211, 210, '2016-10-07', 'susy mathew', '', 'nill', '', '', 'F', '', '', '', '', '', '', '', '', '', '', '', '', '', '', '', 0, 0, '', '', 'susy mathew', '', 0, '', '', '', '', '', '', '', '', 'V', '0', 0, 0, '2016-10-07 04:39:25', 0, ''),
(211, 212, 210, '2016-10-07', 'philip mathew', '', 'nill', '0', '', 'M', '', '', '', '', '', '', '', '', '', '', '', '', '', '', '', 0, 0, '', '', 'philip mathew', '', 0, '', '', '', '', '', '', '', '', 'V', '0', 0, 0, '2016-10-07 04:39:25', 0, ''),
(212, 213, 213, '2016-10-07', 'Tamil', '', '85676567667', '', '', 'F', '0', '', '', '', '', '', '', '', '', '', '', '', '', '', '', 0, 0, '213/profile.png', 'A Positive', 'Tamil', '', 0, '', '', '', '', '', '', '', '', 'A', '0', 0, 0, '2016-10-07 05:28:55', 0, ''),
(213, 214, 210, '2016-10-07', 'no_name', '', 'nill', '', '', 'F', '', '', '', '', '', '', '', '', '', '', '', '', '', '', '', 0, 0, '', '', 'no_name', '', 0, '', '', '', '', '', '', '', '', 'V', '0', 0, 0, '2016-10-07 05:29:53', 0, ''),
(214, 215, 213, '2016-10-07', 'Hgy', '', 'nill', '', '', 'F', '', '', '', '', '', '', '', '', '', '', '', '', '', '', '', 0, 0, '', '', 'Hgy', '', 0, '', '', '', '', '', '', '', '', 'V', '0', 0, 0, '2016-10-07 05:30:43', 0, ''),
(215, 216, 213, '2016-10-07', 'Gff', '', 'nill', '0', '', 'M', '', '', '', '', '', '', '', '', '', '', '', '', '', '', '', 0, 0, '', '', 'Gff', '', 0, '', '', '', '', '', '', '', '', 'V', '0', 0, 0, '2016-10-07 05:30:43', 0, ''),
(216, 217, 205, '2016-10-07', 'ghfgh', '', '', '', '', 'F', '', '', '', '', '', '', '', '', '', '', '', '', '', '', '', 0, 0, '', '', 'ghfgh', '', 0, '', '', '', '', '', '', '', '', 'V', '0', 0, 0, '2016-10-07 06:21:53', 0, ''),
(218, 219, 205, '2016-10-07', 'fsdfsd', '', '', '', '', 'F', '', '', '', '', '', '', '', '', '', '', '', '', '', '', '', 0, 0, '', '', 'fsdfsd', '', 0, '', '', '', '', '', '', '', '', 'V', '0', 0, 0, '2016-10-07 06:22:57', 0, ''),
(219, 220, 205, '2016-10-07', 'nithyanandan', '', '', '', '', 'M', '', '', '', '', '', '', '', '', '', '', '', '', '', '', '', 0, 0, '', '', 'nithyanandan', '', 0, '', '', '', '', '', '', '', '', 'V', '0', 0, 0, '2016-10-07 06:25:38', 0, ''),
(220, 221, 221, '2016-10-07', 'Sabari Raam', '', '9645212577', '', '', 'M', '', '', '', '', 'Trivandrum, Kerala, India', '', '', '', '', '', '', '', '', '', '', 8.52414, 76.9366, '', '', 'Sabari Raam', '', 0, '', '', '', '', '', '', '', '', 'A', '0', 0, 0, '2016-10-07 13:47:38', 0, ''),
(221, 222, 221, '2016-10-07', 'Girija', '', 'nill', '', '', 'F', '', '', '', '', '', '', '', '', '', '', '', '', '', '', '', 0, 0, '', '', 'Girija', '', 0, '', '', '', '', '', '', '', '', 'V', '0', 0, 0, '2016-10-07 13:45:25', 0, ''),
(222, 223, 221, '2016-10-07', 'Sethu Raman', '', 'nill', '0', '', 'M', '', '', '', '', '', '', '', '', '', '', '', '', '', '', '', 0, 0, '', '', 'Sethu Raman', '', 0, '', '', '', '', '', '', '', '', 'V', '0', 0, 0, '2016-10-07 13:45:25', 0, ''),
(223, 224, 224, '2016-10-09', 'chindukrishna', 'Pillai', '123456789', '', '', 'M', '0', 'Sruthi', '', '', 'Neeravil Junction Bus Stop, Pillaiveedu, Kerala, India', '', '', '', '', 'Engineer', '', 'Inometrics Technology Systems Pvt Ltd', 'Private', 'Software developer', '', 8.92738, 76.5883, 'gender_male_1.png', 'A Positive', 'chindukrishna', '', 0, '', '', '', '', '', '', 'Good family', '', 'A', '0', 0, 1, '2017-05-24 07:34:36', 0, ''),
(224, 225, 224, '2016-10-09', 'Mother', '', 'nill', '', '', 'F', '', '', '', '', '', '', '', '', '', '', '', '', '', '', '', 0, 0, '', '', 'Mother', '', 0, '', '', '', '', '', '', '', '', 'V', '0', 0, 0, '2016-10-09 05:00:26', 0, ''),
(225, 226, 224, '2016-10-09', 'Father', '', 'nill', '0', '', 'M', '', '', '', '', '', '', '', '', '', '', '', '', '', '', '', 0, 0, '', '', 'Father', '', 0, '', '', '', '', '', '', '', '', 'V', '0', 0, 0, '2016-10-09 05:00:26', 0, ''),
(226, 227, 224, '2016-10-09', 'Abilash P Pillai', '', '', '', '', 'M', '', '', '', '', '', '', '', '', '', '', '', '', '', '', '', 0, 0, '', '', 'Abilash P Pillai', '', 0, '', '', '', '', '', '', '', '', 'V', '0', 0, 0, '2016-10-09 05:56:00', 0, ''),
(227, 228, 224, '2016-10-09', 'Sachin', '', '', '', '', 'M', '', '', '', '', '', '', '', '', '', '', '', '', '', '', '', 0, 0, '', '', 'Sachin', '', 0, '', '', '', '', '', '', '', '', 'V', '0', 0, 0, '2016-10-09 05:56:00', 0, ''),
(228, 229, 229, '2016-10-11', 'Harisankar', '', '9656709692', '0', '', '0', '0', 'harisree bhavanam muttom po harippad', '', '', 'Haripad', '', '', '', '', '', '', '', '', '', '', 0, 0, '229/profile.png', '0', 'Harisankar', '', 0, '0', '', '', '', '', '', '', '', 'A', '0', 0, 0, '2016-10-10 23:09:59', 0, ''),
(229, 230, 229, '2016-10-11', 'SOBHA', '', 'nill', '', '', 'F', '', '', '', '', '', '', '', '', '', '', '', '', '', '', '', 0, 0, '', '', 'SOBHA', '', 0, '', '', '', '', '', '', '', '', 'V', '0', 0, 0, '2016-10-11 00:41:23', 0, ''),
(230, 231, 229, '2016-10-11', 'HARI', '', 'nill', '0', '', 'M', '', '', '', '', '', '', '', '', '', '', '', '', '', '', '', 0, 0, '', '', 'HARI', '', 0, '', '', '', '', '', '', '', '', 'V', '0', 0, 0, '2016-10-11 00:41:23', 0, ''),
(231, 232, 0, '0000-00-00', 'Gopalan Nair', '', '', '', '', 'M', '', '', '', '', '', '', '', '', '', '', '', '', '', '', '', 0, 0, '', '', 'Gopalan Nair', '', 0, '', '', '', '', '', '', '', '', '', '0', 0, 0, '2016-10-11 06:28:43', 0, ''),
(232, 233, 1, '2016-10-11', 'MayaVathy', '', 'xzczxcxzc', '', '', 'F', '', '', '', '', '', '', '', '', '', '', '', '', '', '', '', 0, 0, '', '', 'MayaVathy', '', 0, '', '', '', '', '', '', '', '', 'V', '0', 0, 0, '2016-10-11 06:29:21', 0, ''),
(233, 234, 234, '2016-10-11', 'vineetha', '', '1234567890', '', '', 'F', 'S', '', '', '', '', '', '', '', '', '', '', '', '', '', '', 0, 0, 'gender_female_2.png', 'A Positive', 'vineetha', '', 0, '', '', '', '', '', '', '', '', 'A', '0', 0, 0, '2016-10-11 09:04:23', 0, ''),
(234, 235, 234, '2016-10-11', 'Lathika', '', 'nill', '', '', 'F', '', '', '', '', '', '', '', '', '', '', '', '', '', '', '', 0, 0, '', '', 'Lathika', '', 0, '', '', '', '', '', '', '', '', 'V', '0', 0, 0, '2016-10-11 08:33:11', 0, ''),
(235, 236, 234, '2016-10-11', 'Anandhan', '', 'nill', '0', '', 'M', '', '', '', '', '', '', '', '', '', '', '', '', '', '', '', 0, 0, '', '', 'Anandhan', '', 0, '', '', '', '', '', '', '', '', 'V', '0', 0, 0, '2016-10-11 08:33:11', 0, ''),
(236, 237, 234, '2016-10-11', 'no_name', '', 'nill', '', '', 'M', '', '', '', '', '', '', '', '', '', '', '', '', '', '', '', 0, 0, '', '', 'no_name', '', 0, '', '', '', '', '', '', '', '', 'V', '0', 0, 0, '2016-10-11 08:59:33', 0, ''),
(237, 238, 234, '2016-10-11', 'no_name', '', 'nill', '', '', 'F', '', '', '', '', '', '', '', '', '', '', '', '', '', '', '', 0, 0, '', '', 'no_name', '', 0, '', '', '', '', '', '', '', '', 'V', '0', 0, 0, '2016-10-11 08:59:33', 0, ''),
(238, 239, 239, '2016-10-12', 'sreemathi', 'kanagaraj', '9715645429', '09 Dec 2005', '', 'F', 'S', '5/13', '', '', 'kuralkuttai, udumalpet', '', '', '', '', '', '', '', '', '', '', 0, 0, '239/profile.png', 'O Positive', 'sreemathi', '', 0, 'I am studying 6 std in lourde matha school .', '', '', '', '', '', '', '', 'A', '0', 0, 0, '2016-10-12 14:19:17', 0, ''),
(239, 240, 239, '2016-10-12', 'Jamuna Kanagaraj', '', 'nill', '', '', 'F', '', '', '', '', '', '', '', '', '', '', '', '', '', '', '', 0, 0, '', '', 'Jamuna Kanagaraj', '', 0, '', '', '', '', '', '', '', '', 'V', '0', 0, 0, '2016-10-12 13:41:06', 0, ''),
(240, 241, 239, '2016-10-12', 'Kanagaraj', '', 'nill', '0', '', 'M', '', '', '', '', '', '', '', '', '', '', '', '', '', '', '', 0, 0, '', '', 'Kanagaraj', '', 0, '', '', '', '', '', '', '', '', 'V', '0', 0, 0, '2016-10-12 13:41:06', 0, ''),
(241, 242, 239, '2016-10-12', 'kavisree', '', '', '', '', 'F', '', '', '', '', '', '', '', '', '', '', '', '', '', '', '', 0, 0, '242//upprofile.png', '', 'kavisree', '', 0, '', '', '', '', '', '', '', '', 'V', '0', 0, 0, '2016-10-12 13:51:05', 0, ''),
(242, 243, 239, '2016-10-12', '', '', '', '', '', 'M', '', '', '', '', '', '', '', '', '', '', '', '', '', '', '', 0, 0, '', '', '', '', 0, '', '', '', '', '', '', '', '', 'V', '0', 0, 0, '2016-10-12 14:04:25', 0, ''),
(243, 244, 239, '2016-10-12', 'Nithyanandan', '', '', '', '', 'M', '', '', '', '', '', '', '', '', '', '', '', '', '', '', '', 0, 0, 'aananth.jpg', '', 'Nithyanandan', '', 0, '', '', '', '', '', '', '', '', 'V', '0', 0, 0, '2016-10-12 14:05:08', 0, ''),
(244, 245, 0, '0000-00-00', 'Sathiyanathan', '', '', '', '', 'M', '', '', '', '', '', '', '', '', '', '', '', '', '', '', '', 0, 0, '', '', 'Sathiyanathan', '', 0, '', '', '', '', '', '', '', '', '', '0', 0, 0, '2016-10-12 14:05:50', 0, ''),
(245, 246, 239, '2016-10-12', 'Lingammal', '', '9885858985', '', '', 'F', '', '', '', '', '', '', '', '', '', '', '', '', '', '', '', 0, 0, 'picture016.jpg', '', 'Lingammal', '', 0, '', '', '', '', '', '', '', '', 'V', '0', 0, 0, '2016-10-12 14:17:41', 0, ''),
(246, 247, 247, '2016-10-14', 'Roshni', '', 'nill', '', '', '', '', '', '', '', '', '', '', '', '', '', '', '', '', '', '', 0, 0, '', '', 'Roshni', '', 0, '', '', '', '', '', '', '', '', '', '0', 0, 0, '2016-10-14 17:09:08', 0, ''),
(247, 248, 248, '2016-10-17', 'Tamil', 'Nithyanandan', '9856523223', '15 Mar 1989', '', 'F', 'M', '', '', '', '', '', '', '', '', '', '', '', '', '', '', 0, 0, '248//upprofile.png', 'B Positive', 'Tamil', '', 0, '', '', '', '', '', '', '', '', 'A', '0', 0, 1, '2017-01-02 05:35:20', 0, ''),
(248, 249, 248, '2016-10-17', 'Lakashmi', '', 'nill', '', '', 'F', '', '', '', '', '', '', '', '', '', '', '', '', '', '', '', 0, 0, '', '', 'Lakashmi', '', 0, '', '', '', '', '', '', '', '', 'V', '0', 0, 0, '2016-10-17 11:16:56', 0, ''),
(249, 250, 248, '2016-10-17', 'nachimuthu', '', 'nill', '0', '', 'M', '', '', '', '', '', '', '', '', '', '', '', '', '', '', '', 0, 0, '', '', 'nachimuthu', '', 0, '', '', '', '', '', '', '', '', 'V', '0', 0, 0, '2016-10-17 11:16:56', 0, ''),
(250, 251, 248, '2016-10-17', 'Nithyanandan', '', 'nill', '', '', 'M', '', '', '', '', '', '', '', '', '', '', '', '', '', '', '', 0, 0, '', '', 'Nithyanandan', '', 0, '', '', '', '', '', '', '', '', 'V', '0', 0, 0, '2016-10-17 11:18:50', 0, ''),
(251, 252, 248, '2016-10-17', 'Mahendiran', '', '', '', '', 'M', '', '', '', '', '', '', '', '', '', '', '', '', '', '', '', 0, 0, '252/FB_IMG_1476339452524.jpg', '', 'Mahendiran', '', 0, '', '', '', '', '', '', '', '', 'V', '0', 0, 0, '2016-10-17 11:18:50', 0, ''),
(252, 253, 253, '2016-10-17', 'Merlin', '', '9598467891', '', '', 'F', 'M', '11/8', '', '', 'Washington, United States', '', '', '', '', '', '', '', '', '', '', 47.7511, -120.74, '253/profile.png', 'A Positive', 'Merlin', '', 0, '', '', '', '', '', '', '', '', 'A', '0', 0, 0, '2016-10-17 12:25:01', 0, ''),
(253, 254, 253, '2016-10-17', 'Maria', '', 'nill', '', '', 'F', '', '', '', '', '', '', '', '', '', '', '', '', '', '', '', 0, 0, '254//upprofile.png', '', 'Maria', '', 0, '', '', '', '', '', '', '', '', 'V', '0', 0, 0, '2016-10-17 12:11:31', 0, ''),
(254, 255, 253, '2016-10-17', 'Jacob', '', 'nill', '0', '', 'M', '', '', '', '', '', '', '', '', '', '', '', '', '', '', '', 0, 0, '255//upprofile.png', '', 'Jacob', '', 0, '', '', '', '', '', '', '', '', 'V', '0', 0, 0, '2016-10-17 12:11:31', 0, ''),
(255, 256, 253, '2016-10-17', 'James', '', 'nill', '', '', 'M', '', '', '', '', '', '', '', '', '', '', '', '', '', '', '', 0, 0, '256//upprofile.png', '', 'James', '', 0, '', '', '', '', '', '', '', '', 'V', '0', 0, 0, '2016-10-17 12:12:28', 0, ''),
(256, 257, 253, '2016-10-17', 'Jhon', '', '', '', '', 'M', '', '', '', '', '', '', '', '', '', '', '', '', '', '', '', 0, 0, '257/product2.jpg', '', 'Jhon', '', 0, '', '', '', '', '', '', '', '', 'V', '0', 0, 0, '2016-10-17 12:12:28', 0, ''),
(257, 258, 253, '2016-10-17', 'Mercy', '', '', '', '', 'F', '', '', '', '', '', '', '', '', '', '', '', '', '', '', '', 0, 0, '258/blog-two.jpg', '', 'Mercy', '', 0, '', '', '', '', '', '', '', '', 'V', '0', 0, 0, '2016-10-17 12:12:28', 0, ''),
(258, 259, 253, '2016-10-17', 'Peter', '', '', '', '', 'M', '', '', '', '', '', '', '', '', '', '', '', '', '', '', '', 0, 0, '259/2.png', '', 'Peter', '', 0, '', '', '', '', '', '', '', '', 'V', '0', 0, 0, '2016-10-17 12:12:28', 0, ''),
(259, 260, 253, '2016-10-17', 'Liz', '', '', '', '', 'M', '', '', '', '', '', '', '', '', '', '', '', '', '', '', '', 0, 0, '260/preview.png', '', 'Liz', '', 0, '', '', '', '', '', '', '', '', 'V', '0', 0, 0, '2016-10-17 12:12:28', 0, ''),
(260, 261, 248, '2016-10-18', 'Mahesh', '', '65566566', '', '', 'F', '', '', '', '', '', '', '', '', '', '', '', '', '', '', '', 0, 0, '', '', 'Mahesh', '', 0, '', '', '', '', '', '', '', '', 'V', '0', 0, 0, '2016-10-18 09:36:45', 0, ''),
(261, 262, 262, '2016-10-19', 'lipin', '', 'nill', '', '', '', '', '', '', '', '', '', '', '', '', '', '', '', '', '', '', 0, 0, '', '', 'lipin', '', 0, '', '', '', '', '', '', '', '', '', '0', 0, 0, '2016-10-19 05:26:21', 0, ''),
(262, 263, 263, '2016-10-19', 'vijo', '', '', '', '', 'M', 'S', 'vijo villa', '', '', 'Kerala Tourism, Kochi, Kerala, India', '', '', '', '', '', '', '', '', '', '', 9.94008, 76.296, 'gender_male_1.png', 'O Positive', 'vijo', '', 0, '', '', '', '', '', '', '', '', 'A', '0', 0, 0, '2016-10-19 06:03:01', 0, ''),
(263, 264, 263, '2016-10-19', '', '', 'nill', '', '', 'F', '', '', '', '', '', '', '', '', '', '', '', '', '', '', '', 0, 0, '', '', '', '', 0, '', '', '', '', '', '', '', '', 'V', '0', 0, 0, '2016-10-19 06:00:36', 0, ''),
(264, 265, 263, '2016-10-19', 'joy', '', 'nill', '0', '', 'M', '', '', '', '', '', '', '', '', '', '', '', '', '', '', '', 0, 0, '', '', 'joy', '', 0, '', '', '', '', '', '', '', '', 'V', '0', 0, 0, '2016-10-19 06:00:36', 0, ''),
(265, 266, 263, '2016-10-19', 'no_name', '', 'nill', '', '', 'M', '', '', '', '', '', '', '', '', '', '', '', '', '', '', '', 0, 0, '', '', 'no_name', '', 0, '', '', '', '', '', '', '', '', 'V', '0', 0, 0, '2016-10-19 06:01:36', 0, ''),
(266, 267, 248, '2016-10-19', 'Deepika', '', '', '', '', 'F', '', '', '', '', '', '', '', '', '', '', '', '', '', '', '', 0, 0, 'FB_IMG_1476096057724.jpg', '', 'Deepika', '', 0, '', '', '', '', '', '', '', '', 'V', '0', 0, 0, '2016-10-19 09:08:45', 0, ''),
(267, 268, 268, '2016-10-27', 'Anu', 'MS', '9605072852', '20 May 1993', '', 'F', 'S', 'MS', '', '', 'GHSS, Mylachal, Kerala, India', '', '', '', '', 'software tester', '', 'zumheilen', '', '', '', 8.46225, 77.139, 'gender_female_2.png', 'AB Positive', 'Anu', '', 0, '', '', '', '', '', '', '', '', 'A', '0', 0, 0, '2016-10-27 07:23:30', 0, ''),
(268, 269, 268, '2016-10-27', 'Sulochana', '', 'nill', '', '', 'F', '', '', '', '', '', '', '', '', '', '', '', '', '', '', '', 0, 0, '', '', 'Sulochana', '', 0, '', '', '', '', '', '', '', '', 'V', '0', 0, 0, '2016-10-27 07:06:35', 0, ''),
(269, 270, 268, '2016-10-27', 'Mohanan', '', 'nill', '0', '', 'M', '', '', '', '', '', '', '', '', '', '', '', '', '', '', '', 0, 0, '', '', 'Mohanan', '', 0, '', '', '', '', '', '', '', '', 'V', '0', 0, 0, '2016-10-27 07:06:35', 0, ''),
(270, 271, 268, '2016-10-27', 'Aneesh', '', '', '', '', 'M', '', '', '', '', '', '', '', '', '', '', '', '', '', '', '', 0, 0, '', '', 'Aneesh', '', 0, '', '', '', '', '', '', '', '', 'V', '0', 0, 0, '2016-10-27 07:14:43', 0, ''),
(271, 272, 272, '2016-10-27', 'Praveen', '', 'nill', '', '', '', '', '', '', '', '', '', '', '', '', '', '', '', '', '', '', 0, 0, '', '', 'Praveen', '', 0, '', '', '', '', '', '', '', '', '', '0', 0, 0, '2016-10-27 07:19:21', 0, ''),
(272, 273, 273, '2016-10-27', 'Sukanya', '', 'nill', '', '', '', '', '', '', '', '', '', '', '', '', '', '', '', '', '', '', 0, 0, '', '', 'Sukanya', '', 0, '', '', '', '', '', '', '', '', '', '0', 0, 0, '2016-10-27 07:20:16', 0, ''),
(273, 275, 248, '2016-10-27', 'Eswaran', '', '', '', '', 'M', '', '', '', '', '', '', '', '', '', '', '', '', '', '', '', 0, 0, 'FB_IMG_1476156855960.jpg', '', 'Eswaran', '', 0, '', '', '', '', '', '', '', '', 'V', '0', 0, 0, '2016-10-27 13:57:50', 0, ''),
(274, 276, 276, '2016-10-31', 'Vinas vergish', '', 'nill', '', '', '', '', '', '', '', '', '', '', '', '', '', '', '', '', '', '', 0, 0, '', '', 'Vinas vergish', '', 0, '', '', '', '', '', '', '', '', '', '0', 0, 0, '2016-10-31 02:57:24', 0, ''),
(275, 277, 277, '2016-10-31', 'vignesh', '', 'nill', '', '', '', '', '', '', '', '', '', '', '', '', '', '', '', '', '', '', 0, 0, '', '', 'vignesh', '', 0, '', '', '', '', '', '', '', '', '', '0', 0, 0, '2016-10-31 06:18:58', 0, ''),
(276, 278, 278, '2016-11-03', '<script>alert(\'jj\');</script>', '', '7356400765', '', '', 'M', '', 'kadamthodu house', '', '', 'kanjirappally p.o,', '', '', '', '', '', '', '', '', '', '', 0, 0, '', '', '<script>alert(\'jj\');</script>', '', 0, '', '', '', '', '', '', '', '', 'A', '0', 0, 1, '2016-11-03 08:34:54', 0, ''),
(277, 279, 278, '2016-11-03', 'Mercy Sebastian', '', 'nill', '', '', 'F', '', '', '', '', '', '', '', '', '', '', '', '', '', '', '', 0, 0, '', '', 'Mercy Sebastian', '', 0, '', '', '', '', '', '', '', '', 'V', '0', 0, 0, '2016-11-03 08:31:10', 0, ''),
(278, 280, 278, '2016-11-03', 'Sebastian Joseph', '', 'nill', '0', '', 'M', '', '', '', '', '', '', '', '', '', '', '', '', '', '', '', 0, 0, '', '', 'Sebastian Joseph', '', 0, '', '', '', '', '', '', '', '', 'V', '0', 0, 0, '2016-11-03 08:31:10', 0, ''),
(279, 281, 281, '2016-11-03', 'Anandu', '', 'nill', '', '', '', '', '', '', '', '', '', '', '', '', '', '', '', '', '', '', 0, 0, '', '', 'Anandu', '', 0, '', '', '', '', '', '', '', '', '', '0', 0, 0, '2016-11-03 17:22:23', 0, ''),
(280, 282, 282, '2016-11-07', 'Diga', '', 'nill', '', '', '', '', '', '', '', '', '', '', '', '', '', '', '', '', '', '', 0, 0, '', '', 'Diga', '', 0, '', '', '', '', '', '', '', '', '', '0', 0, 0, '2016-11-07 05:41:25', 0, ''),
(281, 283, 283, '2016-11-07', 'klk', '', '', '', '', 'M', '', '', '', '', '', '', '', '', '', '', '', '', '', '', '', 0, 0, '', '', 'klk', '', 0, '', '', '', '', '', '', '', '', 'A', '0', 0, 0, '2016-11-07 05:44:26', 0, ''),
(282, 284, 283, '2016-11-07', 'makka', '', 'nill', '', '', 'F', '', '', '', '', '', '', '', '', '', '', '', '', '', '', '', 0, 0, '', '', 'makka', '', 0, '', '', '', '', '', '', '', '', 'V', '0', 0, 0, '2016-11-07 05:45:42', 0, ''),
(283, 285, 283, '2016-11-07', 'jijnj', '', 'nill', '0', '', 'M', '', '', '', '', '', '', '', '', '', '', '', '', '', '', '', 0, 0, '', '', 'jijnj', '', 0, '', '', '', '', '', '', '', '', 'V', '0', 0, 0, '2016-11-07 05:45:42', 0, ''),
(284, 286, 286, '2016-11-07', 'binu sunil', '', 'nill', '', '', '', '', '', '', '', '', '', '', '', '', '', '', '', '', '', '', 0, 0, '', '', 'binu sunil', '', 0, '', '', '', '', '', '', '', '', '', '0', 0, 0, '2016-11-07 12:08:21', 0, ''),
(285, 287, 287, '2016-11-17', 'ajith', '', '', '', '', 'M', '', '', '', '', '', '', '', '', '', '', '', '', '', '', '', 0, 0, '', '', 'ajith', '', 0, '', '', '', '', '', '', '', '', 'A', '0', 0, 0, '2016-11-17 18:25:20', 0, ''),
(286, 288, 287, '2016-11-17', '', '', 'nill', '', '', 'F', '', '', '', '', '', '', '', '', '', '', '', '', '', '', '', 0, 0, '', '', '', '', 0, '', '', '', '', '', '', '', '', 'V', '0', 0, 0, '2016-11-17 18:26:03', 0, ''),
(287, 289, 287, '2016-11-17', '', '', 'nill', '0', '', 'M', '', '', '', '', '', '', '', '', '', '', '', '', '', '', '', 0, 0, '', '', '', '', 0, '', '', '', '', '', '', '', '', 'V', '0', 0, 0, '2016-11-17 18:26:03', 0, ''),
(288, 290, 290, '2016-12-01', 'ajithpynadan', '', '+13433441267', '', '', '0', '', '', '', '', '', '', '', '', '', '', '', '', '', '', '', 0, 0, '', '', 'ajithpynadan', '', 0, '', '', '', '', '', '', '', '', 'A', '0', 0, 0, '2016-12-01 08:55:16', 0, ''),
(289, 291, 290, '2016-12-01', '', '', 'nill', '', '', 'F', '', '', '', '', '', '', '', '', '', '', '', '', '', '', '', 0, 0, '', '', '', '', 0, '', '', '', '', '', '', '', '', 'V', '0', 0, 0, '2016-12-01 08:57:19', 0, ''),
(290, 292, 290, '2016-12-01', '', '', 'nill', '0', '', 'M', '', '', '', '', '', '', '', '', '', '', '', '', '', '', '', 0, 0, '', '', '', '', 0, '', '', '', '', '', '', '', '', 'V', '0', 0, 0, '2016-12-01 08:57:19', 0, ''),
(291, 293, 293, '2016-12-01', 'Anushya', 'Ravi', '1234567890', '', '', 'F', '', '11/8, Nila', '', '', 'Kazhakkoottam, Kerala, India', '', '', '', '', '', '', '', '', '', '', 8.57103, 76.8663, '', '', 'Anushya', '', 0, '', '', '', '', '', '', '', '', 'A', '0', 0, 0, '2016-12-01 10:27:36', 0, ''),
(292, 294, 293, '2016-12-01', 'Renu', '', 'nill', '', '', 'F', '', '', '', '', '', '', '', '', '', '', '', '', '', '', '', 0, 0, '', '', 'Renu', '', 0, '', '', '', '', '', '', '', '', 'V', '0', 0, 0, '2016-12-01 10:28:55', 0, ''),
(293, 295, 293, '2016-12-01', 'Ravi', '', 'nill', '0', '', 'M', '', '', '', '', '', '', '', '', '', '', '', '', '', '', '', 0, 0, '', '', 'Ravi', '', 0, '', '', '', '', '', '', '', '', 'V', '0', 0, 0, '2016-12-01 10:28:55', 0, ''),
(294, 296, 296, '2016-12-20', 'Kp', '', '9693541215', '15 Dec 2016', '', 'M', 'M', '11/8', '', '', 'Austin, TX, United States', '', '', '', '', '', '', '', '', '', '', 30.2672, -97.7431, 'gender_male_1.png', 'A Positive', 'Kp', '', 0, 'When she reached the first hills of the Italic Mountains, she had a last view back on the skyline of her hometown Bookmarksgrove, the headline of Alphabet Village and the subline of her own road, the Line Lane.', '', '', '', '', '', '', '', 'A', '0', 0, 0, '2016-12-20 06:39:15', 0, ''),
(295, 297, 296, '2016-12-20', 'Jani', '', 'nill', '', '', 'F', '', '', '', '', '', '', '', '', '', '', '', '', '', '', '', 0, 0, '', '', 'Jani', '', 0, '', '', '', '', '', '', '', '', 'V', '0', 0, 0, '2016-12-20 06:37:33', 0, ''),
(296, 298, 296, '2016-12-20', 'Vp', '', 'nill', '0', '', 'M', '', '', '', '', '', '', '', '', '', '', '', '', '', '', '', 0, 0, '', '', 'Vp', '', 0, '', '', '', '', '', '', '', '', 'V', '0', 0, 0, '2016-12-20 06:37:33', 0, ''),
(297, 299, 296, '2016-12-20', 'Maria', '', 'nill', '', '', 'F', '', '', '', '', '', '', '', '', '', '', '', '', '', '', '', 0, 0, '', '', 'Maria', '', 0, '', '', '', '', '', '', '', '', 'V', '0', 0, 0, '2016-12-20 06:38:36', 0, ''),
(298, 300, 296, '2016-12-20', 'no_name', '', 'nill', '', '', 'M', '', '', '', '', '', '', '', '', '', '', '', '', '', '', '', 0, 0, '', '', 'no_name', '', 0, '', '', '', '', '', '', '', '', 'V', '0', 0, 0, '2016-12-20 06:38:36', 0, ''),
(299, 301, 296, '2016-12-20', 'no_name', '', 'nill', '', '', 'M', '', '', '', '', '', '', '', '', '', '', '', '', '', '', '', 0, 0, '', '', 'no_name', '', 0, '', '', '', '', '', '', '', '', 'V', '0', 0, 0, '2016-12-20 06:38:36', 0, ''),
(300, 302, 296, '2016-12-20', 'no_name', '', 'nill', '', '', 'F', '', '', '', '', '', '', '', '', '', '', '', '', '', '', '', 0, 0, '', '', 'no_name', '', 0, '', '', '', '', '', '', '', '', 'V', '0', 0, 0, '2016-12-20 06:38:36', 0, ''),
(301, 303, 296, '2016-12-20', 'no_name', '', 'nill', '', '', 'M', '', '', '', '', '', '', '', '', '', '', '', '', '', '', '', 0, 0, '', '', 'no_name', '', 0, '', '', '', '', '', '', '', '', 'V', '0', 0, 0, '2016-12-20 06:38:36', 0, ''),
(302, 304, 296, '2016-12-20', 'no_name', '', 'nill', '', '', 'M', '', '', '', '', '', '', '', '', '', '', '', '', '', '', '', 0, 0, '', '', 'no_name', '', 0, '', '', '', '', '', '', '', '', 'V', '0', 0, 0, '2016-12-20 06:38:36', 0, ''),
(303, 305, 305, '2016-12-21', 'Deepu M', '', '9496816245', '22 Mar 1993', '', 'M', 'S', 'Harisree', '', '', 'Thittamangalam Junction, Kundamankadavu Vattiyoorkavu Road, Thiruvananthapuram, Kerala, India', '', '', '', '', '', '', '', '', '', '', 8.51561, 77.0049, '305//upprofile.png', 'B Positive', 'Deepu M', '', 0, '', '', '', '', '', '', '', '', 'A', '0', 0, 0, '2016-12-21 08:08:20', 0, ''),
(304, 306, 305, '2016-12-21', 'Retnamma V', '', 'nill', '', '', 'F', '', '', '', '', '', '', '', '', '', '', '', '', '', '', '', 0, 0, '', '', 'Retnamma V', '', 0, '', '', '', '', '', '', '', '', 'V', '0', 0, 0, '2016-12-21 06:38:15', 0, ''),
(305, 307, 305, '2016-12-21', 'Mohandas C G', '', 'nill', '0', '', 'M', '', '', '', '', '', '', '', '', '', '', '', '', '', '', '', 0, 0, '', '', 'Mohandas C G', '', 0, '', '', '', '', '', '', '', '', 'V', '0', 0, 0, '2016-12-21 06:38:15', 0, ''),
(306, 308, 305, '2016-12-21', 'Deepthy M', '', '9400563083', '', '', 'F', '', '', '', '', '', '', '', '', '', '', '', '', '', '', '', 0, 0, '', '', 'Deepthy M', '', 0, '', '', '', '', '', '', '', '', 'V', '0', 0, 0, '2016-12-21 06:47:08', 0, ''),
(307, 309, 305, '2016-12-21', 'R Govindan Nair', '', '', '', '', 'M', '', '', '', '', '', '', '', '', '', '', '', '', '', '', '', 0, 0, '', '', 'R Govindan Nair', '', 0, '', '', '', '', '', '', '', '', 'V', '0', 0, 0, '2016-12-21 06:50:24', 0, ''),
(308, 310, 0, '0000-00-00', 'Velayudhan Nair', '', '', '', '', 'M', '', '', '', '', '', '', '', '', '', '', '', '', '', '', '', 0, 0, '', '', 'Velayudhan Nair', '', 0, '', '', '', '', '', '', '', '', '', '0', 0, 0, '2016-12-21 06:51:48', 0, ''),
(309, 311, 305, '2016-12-21', 'Kalyani Amma', '', '0000000000', '', '', 'F', '', '', '', '', '', '', '', '', '', '', '', '', '', '', '', 0, 0, '', '', 'Kalyani Amma', '', 0, '', '', '', '', '', '', '', '', 'V', '0', 0, 0, '2016-12-21 06:52:33', 0, ''),
(310, 312, 312, '2016-12-29', 'June', '', 'nill', '', '', '', '', '', '', '', '', '', '', '', '', '', '', '', '', '', '', 0, 0, '', '', 'June', '', 0, '', '', '', '', '', '', '', '', '', '0', 0, 0, '2016-12-29 14:55:15', 0, ''),
(311, 313, 313, '2016-12-29', 'jack', '', 'juhejin@9me.site', '', '', 'M', '', 'fgw', '', '', 'FBS Property Management, San Diego, CA, United States', '', '', '', '', '', '', '', '', '', '', 32.7832, -117.059, '313//upprofile.png', '', 'jack', '', 0, '', '', '', '', '', '', '', '', 'A', '0', 0, 0, '2016-12-29 15:04:05', 0, ''),
(312, 314, 313, '2016-12-29', 'gsg', '', 'nill', '', '', 'F', '', '', '', '', '', '', '', '', '', '', '', '', '', '', '', 0, 0, '', '', 'gsg', '', 0, '', '', '', '', '', '', '', '', 'V', '0', 0, 0, '2016-12-29 15:04:44', 0, ''),
(313, 315, 313, '2016-12-29', 'ds', '', 'nill', '0', '', 'M', '', '', '', '', '', '', '', '', '', '', '', '', '', '', '', 0, 0, '', '', 'ds', '', 0, '', '', '', '', '', '', '', '', 'V', '0', 0, 0, '2016-12-29 15:04:44', 0, ''),
(314, 322, 322, '2017-07-20', 'sunandha', 'Sanju', '9596912445', '06 June 1990', NULL, 'F', 'M', '11/8 Avp lane', NULL, NULL, 'Namakkal, Tamil Nadu, India', NULL, NULL, NULL, NULL, 'Software Engineeer', NULL, 'D and H Solutions', NULL, NULL, NULL, 11.2284, 78.1684, '322//upprofile.png', 'A Positive', 'sunandha', NULL, NULL, 'When she reached the first hills of the Italic Mountains, she had a last view back on the skyline of her hometown Bookmarksgrove, the headline of Alphabet Village and the subline of her own road, the Line Lane.', NULL, NULL, NULL, NULL, NULL, NULL, NULL, 'A', '0', NULL, 1, '2017-07-20 07:12:13', NULL, NULL),
(315, 323, 322, '2017-07-20', 'Suma', NULL, 'nill', NULL, NULL, 'F', NULL, NULL, NULL, NULL, NULL, NULL, NULL, NULL, NULL, NULL, NULL, NULL, NULL, NULL, NULL, NULL, NULL, NULL, NULL, 'Suma', NULL, NULL, NULL, NULL, NULL, NULL, NULL, NULL, NULL, NULL, 'V', '0', NULL, 0, '2017-07-20 05:52:55', NULL, NULL),
(316, 324, 322, '2017-07-20', 'Suma', NULL, 'nill', NULL, NULL, 'F', NULL, NULL, NULL, NULL, NULL, NULL, NULL, NULL, NULL, NULL, NULL, NULL, NULL, NULL, NULL, NULL, NULL, NULL, NULL, 'Suma', NULL, NULL, NULL, NULL, NULL, NULL, NULL, NULL, NULL, NULL, 'V', '0', NULL, 0, '2017-07-20 05:55:41', NULL, NULL),
(317, 325, 322, '2017-07-20', 'Suma', NULL, 'nill', NULL, NULL, 'F', NULL, NULL, NULL, NULL, NULL, NULL, NULL, NULL, NULL, NULL, NULL, NULL, NULL, NULL, NULL, NULL, NULL, NULL, NULL, 'Suma', NULL, NULL, NULL, NULL, NULL, NULL, NULL, NULL, NULL, NULL, 'V', '0', NULL, 0, '2017-07-20 05:56:30', NULL, NULL),
(318, 326, 322, '2017-07-20', 'Sajeev', NULL, 'nill', '0', NULL, 'M', NULL, NULL, NULL, NULL, NULL, NULL, NULL, NULL, NULL, NULL, NULL, NULL, NULL, NULL, NULL, NULL, NULL, NULL, NULL, 'Sajeev', NULL, NULL, NULL, NULL, NULL, NULL, NULL, NULL, NULL, NULL, 'V', '0', NULL, 0, '2017-07-20 05:56:30', NULL, NULL),
(319, 327, 322, '2017-07-20', 'Sanju', NULL, 'nill', NULL, NULL, 'M', NULL, NULL, NULL, NULL, NULL, NULL, NULL, NULL, NULL, NULL, NULL, NULL, NULL, NULL, NULL, NULL, NULL, NULL, NULL, 'Sanju', NULL, NULL, NULL, NULL, NULL, NULL, NULL, NULL, NULL, NULL, 'V', '0', NULL, 0, '2017-07-20 05:58:16', NULL, NULL),
(320, 328, 322, '2017-07-20', 'Sreejith', NULL, '', NULL, NULL, 'M', NULL, NULL, NULL, NULL, NULL, NULL, NULL, NULL, NULL, NULL, NULL, NULL, NULL, NULL, NULL, NULL, NULL, '328/3.jpg', NULL, 'Sreejith', NULL, NULL, NULL, NULL, NULL, NULL, NULL, NULL, NULL, NULL, 'V', '0', NULL, 0, '2017-07-20 05:58:16', NULL, NULL),
(321, 329, 322, '2017-07-20', 'Shyam', NULL, '', NULL, NULL, 'M', NULL, NULL, NULL, NULL, NULL, NULL, NULL, NULL, NULL, NULL, NULL, NULL, NULL, NULL, NULL, NULL, NULL, '329/15.jpg', NULL, 'Shyam', NULL, NULL, NULL, NULL, NULL, NULL, NULL, NULL, NULL, NULL, 'V', '0', NULL, 0, '2017-07-20 05:58:16', NULL, NULL),
(322, 330, 322, '2017-07-20', 'Seema', NULL, '1234567890', '06 June 1990', '', 'F', 'M', '', NULL, NULL, '', 'Select District', 'Select State', '', NULL, 'LD Clerk', NULL, 'PWD', 'Government', '', NULL, NULL, NULL, NULL, '', 'Seema', NULL, NULL, '', 'BA', NULL, NULL, NULL, '', NULL, NULL, 'V', '0', NULL, 0, '2017-07-20 05:58:16', NULL, NULL),
(323, 331, 322, '2017-07-20', 'Sunitha', NULL, '', NULL, NULL, 'F', NULL, NULL, NULL, NULL, NULL, NULL, NULL, NULL, NULL, NULL, NULL, NULL, NULL, NULL, NULL, NULL, NULL, '331/2.jpg', NULL, 'Sunitha', NULL, NULL, NULL, NULL, NULL, NULL, NULL, NULL, NULL, NULL, 'V', '0', NULL, 0, '2017-07-20 05:58:16', NULL, NULL),
(324, 332, 322, '2017-07-20', 'Vishnu', NULL, '', NULL, NULL, 'M', NULL, NULL, NULL, NULL, NULL, NULL, NULL, NULL, NULL, NULL, NULL, NULL, NULL, NULL, NULL, NULL, NULL, NULL, NULL, 'Vishnu', NULL, NULL, NULL, NULL, NULL, NULL, NULL, NULL, NULL, NULL, 'V', '0', NULL, 0, '2017-07-20 05:58:16', NULL, NULL),
(325, 333, 322, '2017-07-20', 'Vidhya', NULL, '', NULL, NULL, 'M', NULL, NULL, NULL, NULL, NULL, NULL, NULL, NULL, NULL, NULL, NULL, NULL, NULL, NULL, NULL, NULL, NULL, NULL, NULL, 'Vidhya', NULL, NULL, NULL, NULL, NULL, NULL, NULL, NULL, NULL, NULL, 'V', '0', NULL, 0, '2017-07-20 05:58:16', NULL, NULL),
(326, 334, 322, '2017-07-20', 'Madhavan', NULL, '', NULL, NULL, 'M', NULL, NULL, NULL, NULL, NULL, NULL, NULL, NULL, NULL, NULL, NULL, NULL, NULL, NULL, NULL, NULL, NULL, 'wedding_bridegroom_dark_256.png', NULL, 'Madhavan', NULL, NULL, NULL, NULL, NULL, NULL, NULL, NULL, NULL, NULL, 'V', '0', NULL, 0, '2017-07-20 06:03:13', NULL, NULL),
(327, 335, 322, '2017-07-20', 'Manoj', NULL, '', NULL, NULL, 'M', NULL, NULL, NULL, NULL, NULL, NULL, NULL, NULL, NULL, NULL, NULL, NULL, NULL, NULL, NULL, NULL, NULL, '14.jpg', NULL, 'Manoj', NULL, NULL, NULL, NULL, NULL, NULL, NULL, NULL, NULL, NULL, 'V', '0', NULL, 0, '2017-07-20 06:03:49', NULL, NULL),
(328, 336, 322, '2017-07-20', 'Midhun', NULL, '', NULL, NULL, 'M', NULL, NULL, NULL, NULL, NULL, NULL, NULL, NULL, NULL, NULL, NULL, NULL, NULL, NULL, NULL, NULL, NULL, NULL, NULL, 'Midhun', NULL, NULL, NULL, NULL, NULL, NULL, NULL, NULL, NULL, NULL, 'V', '0', NULL, 0, '2017-07-20 06:04:12', NULL, NULL),
(329, 337, 322, '2017-07-20', 'Malavika', NULL, '', NULL, NULL, 'F', NULL, NULL, NULL, NULL, NULL, NULL, NULL, NULL, NULL, NULL, NULL, NULL, NULL, NULL, NULL, NULL, NULL, NULL, NULL, 'Malavika', NULL, NULL, NULL, NULL, NULL, NULL, NULL, NULL, NULL, NULL, 'V', '0', NULL, 0, '2017-07-20 06:04:59', NULL, NULL),
(330, 338, 322, '2017-07-20', 'Indhuja', NULL, '', NULL, NULL, 'F', NULL, NULL, NULL, NULL, NULL, NULL, NULL, NULL, NULL, NULL, NULL, NULL, NULL, NULL, NULL, NULL, NULL, NULL, NULL, 'Indhuja', NULL, NULL, NULL, NULL, NULL, NULL, NULL, NULL, NULL, NULL, 'V', '0', NULL, 0, '2017-07-20 06:05:30', NULL, NULL),
(331, 339, 322, '2017-07-20', 'Indrajith', NULL, '', NULL, NULL, 'M', NULL, NULL, NULL, NULL, NULL, NULL, NULL, NULL, NULL, NULL, NULL, NULL, NULL, NULL, NULL, NULL, NULL, NULL, NULL, 'Indrajith', NULL, NULL, NULL, NULL, NULL, NULL, NULL, NULL, NULL, NULL, 'V', '0', NULL, 0, '2017-07-20 06:05:48', NULL, NULL),
(332, 340, 322, '2017-07-20', 'Divya', NULL, '', NULL, NULL, 'F', NULL, NULL, NULL, NULL, NULL, NULL, NULL, NULL, NULL, NULL, NULL, NULL, NULL, NULL, NULL, NULL, NULL, NULL, NULL, 'Divya', NULL, NULL, NULL, NULL, NULL, NULL, NULL, NULL, NULL, NULL, 'V', '0', NULL, 0, '2017-07-20 06:06:24', NULL, NULL),
(333, 341, 322, '2017-07-20', 'Sanjana', NULL, '', NULL, NULL, 'F', NULL, NULL, NULL, NULL, NULL, NULL, NULL, NULL, NULL, NULL, NULL, NULL, NULL, NULL, NULL, NULL, NULL, NULL, NULL, 'Sanjana', NULL, NULL, NULL, NULL, NULL, NULL, NULL, NULL, NULL, NULL, 'V', '0', NULL, 0, '2017-07-20 06:08:47', NULL, NULL),
(334, 342, 322, '2017-07-20', 'Deethya', NULL, '', NULL, NULL, 'F', NULL, NULL, NULL, NULL, NULL, NULL, NULL, NULL, NULL, NULL, NULL, NULL, NULL, NULL, NULL, NULL, NULL, NULL, NULL, 'Deethya', NULL, NULL, NULL, NULL, NULL, NULL, NULL, NULL, NULL, NULL, 'V', '0', NULL, 0, '2017-07-20 06:09:10', NULL, NULL),
(335, 343, 322, '2017-07-20', 'Amal', NULL, '', NULL, NULL, 'M', NULL, NULL, NULL, NULL, NULL, NULL, NULL, NULL, NULL, NULL, NULL, NULL, NULL, NULL, NULL, NULL, NULL, NULL, NULL, 'Amal', NULL, NULL, NULL, NULL, NULL, NULL, NULL, NULL, NULL, NULL, 'V', '0', NULL, 0, '2017-07-20 06:09:31', NULL, NULL),
(336, 344, 344, '2017-11-30', 'RahuL', NULL, 'nill', NULL, NULL, NULL, NULL, NULL, NULL, NULL, NULL, NULL, NULL, NULL, NULL, NULL, NULL, NULL, NULL, NULL, NULL, NULL, NULL, NULL, NULL, 'RahuL', NULL, NULL, NULL, NULL, NULL, NULL, NULL, NULL, NULL, NULL, NULL, '0', NULL, 0, '2017-11-30 05:47:08', NULL, NULL),
(337, 345, 345, '2017-12-05', 'Tamilselvi Nithyanandan', NULL, '8129338840', '', NULL, 'F', 'M', 'Kulathoor', NULL, NULL, 'Trivandrum, Kerala, India', NULL, NULL, NULL, NULL, NULL, NULL, NULL, NULL, NULL, NULL, 8.52414, 76.9366, '345/profile.png', 'A Positive', 'Tamilselvi Nithyanandan', NULL, NULL, '', NULL, NULL, NULL, NULL, NULL, NULL, NULL, 'A', '0', NULL, 1, '2017-12-21 21:13:16', NULL, NULL),
(338, 346, 345, '2017-12-05', 'Lakshmi', NULL, 'nill', NULL, NULL, 'F', NULL, NULL, NULL, NULL, NULL, NULL, NULL, NULL, NULL, NULL, NULL, NULL, NULL, NULL, NULL, NULL, NULL, NULL, NULL, 'Lakshmi', NULL, NULL, NULL, NULL, NULL, NULL, NULL, NULL, NULL, NULL, 'V', '0', NULL, 0, '2017-12-05 07:26:57', NULL, NULL),
(339, 347, 345, '2017-12-05', 'Nahimuthu', NULL, 'nill', '0', NULL, 'M', NULL, NULL, NULL, NULL, NULL, NULL, NULL, NULL, NULL, NULL, NULL, NULL, NULL, NULL, NULL, NULL, NULL, NULL, NULL, 'Nahimuthu', NULL, NULL, NULL, NULL, NULL, NULL, NULL, NULL, NULL, NULL, 'V', '0', NULL, 0, '2017-12-05 07:26:57', NULL, NULL),
(340, 348, 345, '2017-12-05', 'Nithyanandan', NULL, 'nill', NULL, NULL, 'M', NULL, NULL, NULL, NULL, NULL, NULL, NULL, NULL, NULL, NULL, NULL, NULL, NULL, NULL, NULL, NULL, NULL, NULL, NULL, 'Nithyanandan', NULL, NULL, NULL, NULL, NULL, NULL, NULL, NULL, NULL, NULL, 'V', '0', NULL, 0, '2017-12-05 07:35:05', NULL, NULL),
(341, 349, 345, '2017-12-05', 'no_name', NULL, 'nill', NULL, NULL, 'M', NULL, NULL, NULL, NULL, NULL, NULL, NULL, NULL, NULL, NULL, NULL, NULL, NULL, NULL, NULL, NULL, NULL, NULL, NULL, 'no_name', NULL, NULL, NULL, NULL, NULL, NULL, NULL, NULL, NULL, NULL, 'V', '0', NULL, 0, '2017-12-05 07:35:05', NULL, NULL),
(342, 350, 350, '2017-12-13', 'Chandu J S', 'J S', '9497851381', '10 Jan 1996', NULL, 'M', 'S', 'TRAK-131', NULL, NULL, 'Kaniyapuram, Kerala, India', NULL, NULL, NULL, NULL, 'Web Developer', NULL, 'Inometrics', 'Programming', 'I\'m a Web Developer', NULL, 8.58814, 76.8501, '350//upprofile.png', 'O Negative', '5', NULL, NULL, 'lorem ipsum dolor sit amet..', NULL, NULL, NULL, NULL, NULL, 'Small family..', NULL, 'A', '0', NULL, 0, '2017-12-13 06:06:45', NULL, NULL),
(343, 351, 350, '2017-12-13', '', NULL, 'nill', NULL, NULL, 'F', NULL, NULL, NULL, NULL, NULL, NULL, NULL, NULL, NULL, NULL, NULL, NULL, NULL, NULL, NULL, NULL, NULL, NULL, NULL, '', NULL, NULL, NULL, NULL, NULL, NULL, NULL, NULL, NULL, NULL, 'V', '0', NULL, 0, '2017-12-13 06:07:12', NULL, NULL),
(344, 352, 350, '2017-12-13', '', NULL, 'nill', '0', NULL, 'M', NULL, NULL, NULL, NULL, NULL, NULL, NULL, NULL, NULL, NULL, NULL, NULL, NULL, NULL, NULL, NULL, NULL, NULL, NULL, '', NULL, NULL, NULL, NULL, NULL, NULL, NULL, NULL, NULL, NULL, 'V', '0', NULL, 0, '2017-12-13 06:07:12', NULL, NULL),
(345, 353, 350, '2017-12-13', 'Sindhu S M', NULL, 'nill', NULL, NULL, 'F', NULL, NULL, NULL, NULL, NULL, NULL, NULL, NULL, NULL, NULL, NULL, NULL, NULL, NULL, NULL, NULL, NULL, NULL, NULL, 'Sindhu S M', NULL, NULL, NULL, NULL, NULL, NULL, NULL, NULL, NULL, NULL, 'V', '0', NULL, 0, '2017-12-13 06:09:12', NULL, NULL),
(346, 354, 350, '2017-12-13', 'Jayachandran Nair K', NULL, 'nill', '0', NULL, 'M', NULL, NULL, NULL, NULL, NULL, NULL, NULL, NULL, NULL, NULL, NULL, NULL, NULL, NULL, NULL, NULL, NULL, NULL, NULL, 'Jayachandran Nair K', NULL, NULL, NULL, NULL, NULL, NULL, NULL, NULL, NULL, NULL, 'V', '0', NULL, 0, '2017-12-13 06:09:12', NULL, NULL),
(347, 355, 350, '2017-12-13', 'no_name', NULL, 'nill', NULL, NULL, 'M', NULL, NULL, NULL, NULL, NULL, NULL, NULL, NULL, NULL, NULL, NULL, NULL, NULL, NULL, NULL, NULL, NULL, NULL, NULL, 'no_name', NULL, NULL, NULL, NULL, NULL, NULL, NULL, NULL, NULL, NULL, 'V', '0', NULL, 0, '2017-12-13 06:12:42', NULL, NULL),
(348, 356, 356, '2019-05-13', 'siva sankari', 'sankari', '7094807418', NULL, NULL, 'F', NULL, '14/83-1', NULL, NULL, 'kasthoori bai gramam ', NULL, NULL, NULL, NULL, NULL, NULL, NULL, NULL, NULL, NULL, 0, 0, '356//upprofile.png', NULL, 'siva sankari', NULL, NULL, NULL, NULL, NULL, NULL, NULL, NULL, NULL, NULL, 'A', '0', NULL, 0, '2019-05-13 08:52:08', NULL, NULL),
(349, 357, 356, '2019-05-13', 'Jeya Sree K R', NULL, 'nill', NULL, NULL, 'F', NULL, NULL, NULL, NULL, NULL, NULL, NULL, NULL, NULL, NULL, NULL, NULL, NULL, NULL, NULL, NULL, NULL, NULL, NULL, 'Jeya Sree K R', NULL, NULL, NULL, NULL, NULL, NULL, NULL, NULL, NULL, NULL, 'V', '0', NULL, 0, '2019-05-13 08:53:21', NULL, NULL),
(350, 358, 356, '2019-05-13', 'Jeya prakash S', NULL, 'nill', '0', NULL, 'M', NULL, NULL, NULL, NULL, NULL, NULL, NULL, NULL, NULL, NULL, NULL, NULL, NULL, NULL, NULL, NULL, NULL, NULL, NULL, 'Jeya prakash S', NULL, NULL, NULL, NULL, NULL, NULL, NULL, NULL, NULL, NULL, 'V', '0', NULL, 0, '2019-05-13 08:53:21', NULL, NULL),
(351, 359, 356, '2019-05-13', 'sankar narayanan nair', NULL, '', NULL, NULL, 'M', NULL, NULL, NULL, NULL, NULL, NULL, NULL, NULL, NULL, NULL, NULL, NULL, NULL, NULL, NULL, NULL, NULL, NULL, NULL, 'sankar narayanan nair', NULL, NULL, NULL, NULL, NULL, NULL, NULL, NULL, NULL, NULL, 'V', '0', NULL, 0, '2019-05-13 08:59:14', NULL, NULL),
(352, 360, 356, '2019-05-13', 'rama krishnan pillai', NULL, '', NULL, NULL, 'M', NULL, NULL, NULL, NULL, NULL, NULL, NULL, NULL, NULL, NULL, NULL, NULL, NULL, NULL, NULL, NULL, NULL, NULL, NULL, 'rama krishnan pillai', NULL, NULL, NULL, NULL, NULL, NULL, NULL, NULL, NULL, NULL, 'V', '0', NULL, 0, '2019-05-13 09:00:13', NULL, NULL),
(353, 361, 361, '2019-05-13', 'siva', NULL, 'nill', NULL, NULL, NULL, NULL, NULL, NULL, NULL, NULL, NULL, NULL, NULL, NULL, NULL, NULL, NULL, NULL, NULL, NULL, NULL, NULL, NULL, NULL, 'siva', NULL, NULL, NULL, NULL, NULL, NULL, NULL, NULL, NULL, NULL, NULL, '0', NULL, 0, '2019-05-13 09:08:28', NULL, NULL),
(354, 362, 356, '2019-05-13', 'ambika', NULL, '', NULL, NULL, 'F', NULL, NULL, NULL, NULL, NULL, NULL, NULL, NULL, NULL, NULL, NULL, NULL, NULL, NULL, NULL, NULL, NULL, NULL, NULL, 'ambika', NULL, NULL, NULL, NULL, NULL, NULL, NULL, NULL, NULL, NULL, 'V', '0', NULL, 0, '2019-05-13 09:12:13', NULL, NULL),
(355, 363, 363, '2019-05-15', 'Amrutha', 'D', '9750794681', '', NULL, '0', NULL, '', NULL, NULL, '', NULL, NULL, NULL, NULL, '', NULL, '', NULL, NULL, NULL, 0, 0, NULL, 'AB-', '', NULL, NULL, NULL, NULL, NULL, NULL, NULL, NULL, NULL, NULL, 'A', '0', NULL, 0, '2019-05-15 09:11:28', NULL, NULL),
(358, 366, 363, '2019-05-15', 'Anil kumar', NULL, '9677562629', NULL, NULL, 'M', NULL, NULL, NULL, NULL, NULL, NULL, NULL, NULL, NULL, NULL, NULL, NULL, NULL, NULL, NULL, NULL, NULL, '160_F_107859099_QoA5g48aqKlAkDI0bhwyJsp2VXfs4EkL.jpg', NULL, 'Anil kumar', NULL, NULL, NULL, NULL, NULL, NULL, NULL, NULL, NULL, NULL, 'V', '0', NULL, 0, '2019-05-15 08:19:52', NULL, NULL),
(359, 367, 367, '2019-05-15', 'Amrutha', NULL, '9750794681', '06 Dec 1994', NULL, 'F', 'S', 'Sthree sakthi,Near saakara temple', NULL, NULL, 'Chirayinkeezhu, Kerala, India', NULL, NULL, NULL, NULL, NULL, NULL, NULL, NULL, NULL, NULL, 8.65587, 76.7832, 'gender_female_2.png', 'A Positive', 'Amrutha', NULL, NULL, '', NULL, NULL, NULL, NULL, NULL, NULL, NULL, 'A', '0', NULL, 0, '2019-05-15 09:11:56', NULL, NULL),
(360, 368, 367, '2019-05-15', 'Maaya devi', NULL, 'nill', NULL, NULL, 'F', NULL, NULL, NULL, NULL, NULL, NULL, NULL, NULL, NULL, NULL, NULL, NULL, NULL, NULL, NULL, NULL, NULL, NULL, NULL, 'Maaya devi', NULL, NULL, NULL, NULL, NULL, NULL, NULL, NULL, NULL, NULL, 'V', '0', NULL, 0, '2019-05-15 09:13:08', NULL, NULL),
(361, 369, 367, '2019-05-15', 'Anil Kumar', NULL, '8547322564', '0', 'amrutha@inometrics.com', 'M', 'M', '', NULL, NULL, '', 'Select District', 'Select State', '', NULL, '', NULL, '', 'Proffessional', '', NULL, NULL, NULL, NULL, '', 'Unni', NULL, NULL, '', '', NULL, NULL, NULL, '', NULL, NULL, 'V', '0', NULL, 0, '2019-05-15 09:13:08', NULL, NULL),
(362, 370, 367, '2019-05-15', 'Vinayak', NULL, '9677562629', NULL, NULL, 'M', NULL, NULL, NULL, NULL, NULL, NULL, NULL, NULL, NULL, NULL, NULL, NULL, NULL, NULL, NULL, NULL, NULL, NULL, NULL, 'Vinayak', NULL, NULL, NULL, NULL, NULL, NULL, NULL, NULL, NULL, NULL, 'V', '0', NULL, 0, '2019-05-15 09:23:06', NULL, NULL),
(363, 371, 367, '2019-05-15', 'Amirnath', NULL, '9677562629', NULL, NULL, 'M', NULL, NULL, NULL, NULL, NULL, NULL, NULL, NULL, NULL, NULL, NULL, NULL, NULL, NULL, NULL, NULL, NULL, NULL, NULL, 'Amirnath', NULL, NULL, NULL, NULL, NULL, NULL, NULL, NULL, NULL, NULL, 'V', '0', NULL, 0, '2019-05-15 09:32:46', NULL, NULL),
(364, 372, 367, '2019-05-15', 'Cutiepie', NULL, '772977254957', NULL, NULL, 'M', NULL, NULL, NULL, NULL, NULL, NULL, NULL, NULL, NULL, NULL, NULL, NULL, NULL, NULL, NULL, NULL, NULL, NULL, NULL, 'Cutiepie', NULL, NULL, NULL, NULL, NULL, NULL, NULL, NULL, NULL, NULL, 'V', '0', NULL, 0, '2019-05-15 09:37:11', NULL, NULL),
(365, 373, 373, '2019-05-15', 'Janardhanan Pillai', NULL, '9048649024', NULL, NULL, 'M', NULL, '', NULL, NULL, '', NULL, NULL, NULL, NULL, NULL, NULL, NULL, NULL, NULL, NULL, 0, 0, NULL, NULL, 'Janardhanan Pillai', NULL, NULL, NULL, NULL, NULL, NULL, NULL, NULL, NULL, NULL, 'A', '0', NULL, 1, '2019-05-15 10:35:50', NULL, NULL),
(366, 374, 373, '2019-05-15', '', NULL, 'nill', NULL, NULL, 'F', NULL, NULL, NULL, NULL, NULL, NULL, NULL, NULL, NULL, NULL, NULL, NULL, NULL, NULL, NULL, NULL, NULL, NULL, NULL, '', NULL, NULL, NULL, NULL, NULL, NULL, NULL, NULL, NULL, NULL, 'V', '0', NULL, 0, '2019-05-15 10:13:51', NULL, NULL),
(367, 375, 373, '2019-05-15', '', NULL, 'nill', '0', NULL, 'M', NULL, NULL, NULL, NULL, NULL, NULL, NULL, NULL, NULL, NULL, NULL, NULL, NULL, NULL, NULL, NULL, NULL, NULL, NULL, '', NULL, NULL, NULL, NULL, NULL, NULL, NULL, NULL, NULL, NULL, 'V', '0', NULL, 0, '2019-05-15 10:13:51', NULL, NULL),
(368, 376, 373, '2019-05-15', 'Anil Kumar', NULL, '8547322564', NULL, NULL, 'M', NULL, NULL, NULL, NULL, NULL, NULL, NULL, NULL, NULL, NULL, NULL, NULL, NULL, NULL, NULL, NULL, NULL, NULL, NULL, 'Anil Kumar', NULL, NULL, NULL, NULL, NULL, NULL, NULL, NULL, NULL, NULL, 'V', '0', NULL, 0, '2019-05-15 10:29:00', NULL, NULL),
(369, 377, 373, '2019-05-15', 'Anil Kumar', NULL, '8547322564', NULL, NULL, 'M', NULL, NULL, NULL, NULL, NULL, NULL, NULL, NULL, NULL, NULL, NULL, NULL, NULL, NULL, NULL, NULL, NULL, NULL, NULL, 'Anil Kumar', NULL, NULL, NULL, NULL, NULL, NULL, NULL, NULL, NULL, NULL, 'V', '0', NULL, 0, '2019-05-15 10:31:38', NULL, NULL),
(370, 378, 373, '2019-05-15', 'Anil Kumar', NULL, '8547322564', NULL, NULL, 'M', NULL, NULL, NULL, NULL, NULL, NULL, NULL, NULL, NULL, NULL, NULL, NULL, NULL, NULL, NULL, NULL, NULL, NULL, NULL, 'Anil Kumar', NULL, NULL, NULL, NULL, NULL, NULL, NULL, NULL, NULL, NULL, 'V', '0', NULL, 0, '2019-05-15 10:34:42', NULL, NULL),
(371, 379, 373, '2019-05-15', '', NULL, '', NULL, NULL, NULL, NULL, NULL, NULL, NULL, NULL, NULL, NULL, NULL, NULL, NULL, NULL, NULL, NULL, NULL, NULL, NULL, NULL, NULL, NULL, '', NULL, NULL, NULL, NULL, NULL, NULL, NULL, NULL, NULL, NULL, 'V', '0', NULL, 0, '2019-05-15 10:36:12', NULL, NULL),
(372, 380, 380, '2019-05-15', 'Anil Kumar', NULL, '8547322564', NULL, NULL, 'M', NULL, '', NULL, NULL, '', NULL, NULL, NULL, NULL, NULL, NULL, NULL, NULL, NULL, NULL, 0, 0, NULL, NULL, 'Anil Kumar', NULL, NULL, NULL, NULL, NULL, NULL, NULL, NULL, NULL, NULL, 'A', '0', NULL, 1, '2019-05-24 05:01:21', NULL, NULL),
(373, 381, 380, '2019-05-15', '', NULL, 'nill', NULL, NULL, 'F', NULL, NULL, NULL, NULL, NULL, NULL, NULL, NULL, NULL, NULL, NULL, NULL, NULL, NULL, NULL, NULL, NULL, NULL, NULL, '', NULL, NULL, NULL, NULL, NULL, NULL, NULL, NULL, NULL, NULL, 'V', '0', NULL, 0, '2019-05-15 10:47:45', NULL, NULL),
(374, 382, 380, '2019-05-15', 'Janarthanan pillai', NULL, '9750794681', '0', 'arund091995@gmail.com', 'M', 'S', '', NULL, NULL, '', 'Select District', 'Select State', '', NULL, '', NULL, '', 'Proffessional', '', NULL, NULL, NULL, NULL, '', 'Basi', NULL, NULL, '', '', NULL, NULL, NULL, '', NULL, NULL, 'V', '0', NULL, 0, '2019-05-15 10:47:45', NULL, NULL),
(375, 383, 380, '2019-05-16', 'Vinayak', NULL, '9677562629', NULL, NULL, 'M', NULL, NULL, NULL, NULL, NULL, NULL, NULL, NULL, NULL, NULL, NULL, NULL, NULL, NULL, NULL, NULL, NULL, NULL, NULL, 'Vinayak', NULL, NULL, NULL, NULL, NULL, NULL, NULL, NULL, NULL, NULL, 'V', '0', NULL, 0, '2019-05-16 10:11:55', NULL, NULL);

-- --------------------------------------------------------

--
-- Table structure for table `roottildb_user_relation`
--

CREATE TABLE `roottildb_user_relation` (
  `roottilDb_user_relation_id` int(11) NOT NULL,
  `roottilDb_user_relation_from` int(11) DEFAULT NULL COMMENT 'id of requsting user',
  `roottilDb_user_relation_to` int(11) DEFAULT NULL COMMENT 'Requested Id Of USer tbl',
  `roottilDb_user_request_id` int(11) DEFAULT NULL COMMENT 'Id of request tbl',
  `roottilDb_user_relation_reference` varchar(2) DEFAULT NULL,
  `roottilDb_user_relation_status` varchar(1) DEFAULT NULL,
  `roottilDb_user_relation_created_by` varchar(255) DEFAULT NULL COMMENT 'logged user',
  `family_id` int(11) DEFAULT NULL
) ENGINE=InnoDB DEFAULT CHARSET=latin1;

--
-- Dumping data for table `roottildb_user_relation`
--

INSERT INTO `roottildb_user_relation` (`roottilDb_user_relation_id`, `roottilDb_user_relation_from`, `roottilDb_user_relation_to`, `roottilDb_user_request_id`, `roottilDb_user_relation_reference`, `roottilDb_user_relation_status`, `roottilDb_user_relation_created_by`, `family_id`) VALUES
(1, 1, 2, 1, 'M', 'A', '', 0),
(2, 2, 1, 2, 'D', 'A', '', 0),
(3, 1, 3, 1, 'F', 'A', '', 0),
(4, 3, 1, 3, 'D', 'A', '', 0),
(5, 1, 4, 1, 'H', 'A', '', 0),
(6, 4, 1, 4, 'W', 'A', '', 0),
(7, 1, 5, 1, 'B', 'A', '', 0),
(8, 5, 1, 5, 'S', 'A', '', 0),
(9, 1, 6, 1, 'S', 'A', '', 0),
(10, 6, 1, 6, 'S', 'A', '', 0),
(11, 1, 7, 1, 'So', 'A', '', 0),
(12, 7, 1, 7, 'M', 'A', '', 0),
(13, 1, 8, 1, 'D', 'A', '', 0),
(14, 8, 1, 8, 'M', 'A', '', 0),
(15, 9, 10, 9, 'M', 'A', '', 0),
(16, 10, 9, 10, 'D', 'A', '', 0),
(17, 9, 11, 9, 'F', 'A', '', 0),
(18, 11, 9, 11, 'D', 'A', '', 0),
(19, 9, 12, 9, 'B', 'A', '', 0),
(20, 12, 9, 12, 'S', 'A', '', 0),
(21, 9, 13, 9, 'B', 'A', '', 0),
(22, 13, 9, 13, 'S', 'A', '', 0),
(23, 9, 14, 9, 'S', 'A', '', 0),
(24, 14, 9, 14, 'S', 'A', '', 0),
(25, 16, 17, 16, 'M', 'A', '', 0),
(26, 17, 16, 17, 'D', 'A', '', 0),
(27, 16, 18, 16, 'F', 'A', '', 0),
(28, 18, 16, 18, 'D', 'A', '', 0),
(29, 16, 19, 16, 'B', 'A', '', 0),
(30, 19, 16, 19, 'S', 'A', '', 0),
(31, 22, 23, 22, 'M', 'A', '', 0),
(32, 23, 22, 23, 'So', 'A', '', 0),
(33, 22, 24, 22, 'F', 'A', '', 0),
(34, 24, 22, 24, 'So', 'A', '', 0),
(35, 22, 25, 22, 'B', 'A', '', 0),
(36, 25, 22, 25, 'B', 'A', '', 0),
(37, 33, 34, 33, 'M', 'A', '', 0),
(38, 34, 33, 34, 'D', 'A', '', 0),
(39, 33, 35, 33, 'F', 'A', '', 0),
(40, 35, 33, 35, 'D', 'A', '', 0),
(41, 33, 36, 33, 'H', 'A', '', 0),
(42, 36, 33, 36, 'W', 'A', '', 0),
(43, 33, 37, 33, 'B', 'A', '', 0),
(44, 37, 33, 37, 'S', 'A', '', 0),
(45, 33, 38, 33, 'S', 'A', '', 0),
(46, 38, 33, 38, 'S', 'A', '', 0),
(47, 33, 39, 33, 'So', 'A', '', 0),
(48, 39, 33, 39, 'M', 'A', '', 0),
(49, 33, 40, 33, 'So', 'A', '', 0),
(50, 40, 33, 40, 'M', 'A', '', 0),
(55, 45, 46, 45, 'M', 'A', '', 0),
(56, 46, 45, 46, 'So', 'A', '', 0),
(57, 45, 47, 45, 'F', 'A', '', 0),
(58, 47, 45, 47, 'So', 'A', '', 0),
(59, 45, 48, 45, 'W', 'A', '', 0),
(60, 48, 45, 48, 'H', 'A', '', 0),
(61, 45, 49, 45, 'B', 'A', '', 0),
(62, 49, 45, 49, 'B', 'A', '', 0),
(63, 45, 50, 45, 'S', 'A', '', 0),
(64, 50, 45, 50, 'B', 'A', '', 0),
(65, 45, 51, 45, 'So', 'A', '', 0),
(66, 51, 45, 51, 'F', 'A', '', 0),
(67, 45, 52, 45, 'D', 'A', '', 0),
(68, 52, 45, 52, 'F', 'A', '', 0),
(69, 53, 54, 53, 'M', 'A', '', 0),
(70, 54, 53, 54, 'D', 'A', '', 0),
(71, 53, 55, 53, 'F', 'A', '', 0),
(72, 55, 53, 55, 'D', 'A', '', 0),
(73, 53, 56, 53, 'H', 'A', '', 0),
(74, 56, 53, 56, 'W', 'A', '', 0),
(75, 53, 57, 53, 'B', 'A', '', 0),
(76, 57, 53, 57, 'S', 'A', '', 0),
(77, 53, 58, 53, 'B', 'A', '', 0),
(78, 58, 53, 58, 'S', 'A', '', 0),
(79, 53, 59, 53, 'S', 'A', '', 0),
(80, 59, 53, 59, 'S', 'A', '', 0),
(81, 53, 60, 53, 'So', 'A', '', 0),
(82, 60, 53, 60, 'M', 'A', '', 0),
(83, 53, 61, 53, 'D', 'A', '', 0),
(84, 61, 53, 61, 'M', 'A', '', 0),
(91, 65, 66, 65, 'M', 'A', '', 0),
(92, 66, 65, 66, 'D', 'A', '', 0),
(93, 65, 67, 65, 'F', 'A', '', 0),
(94, 67, 65, 67, 'D', 'A', '', 0),
(95, 65, 68, 65, 'H', 'A', '', 0),
(96, 68, 65, 68, 'W', 'A', '', 0),
(97, 65, 69, 65, 'B', 'A', '', 0),
(98, 69, 65, 69, 'S', 'A', '', 0),
(99, 65, 70, 65, 'S', 'A', '', 0),
(100, 70, 65, 70, 'S', 'A', '', 0),
(101, 65, 71, 65, 'So', 'A', '', 0),
(102, 71, 65, 71, 'M', 'A', '', 0),
(103, 65, 72, 65, 'D', 'A', '', 0),
(104, 72, 65, 72, 'M', 'A', '', 0),
(105, 73, 74, 73, 'M', 'A', '', 0),
(106, 74, 73, 74, 'D', 'A', '', 0),
(107, 73, 75, 73, 'F', 'A', '', 0),
(108, 75, 73, 75, 'D', 'A', '', 0),
(109, 73, 76, 73, 'H', 'A', '', 0),
(110, 76, 73, 76, 'W', 'A', '', 0),
(111, 73, 77, 73, 'B', 'A', '', 0),
(112, 77, 73, 77, 'S', 'A', '', 0),
(113, 73, 78, 73, 'S', 'A', '', 0),
(114, 78, 73, 78, 'S', 'A', '', 0),
(115, 73, 79, 73, 'So', 'A', '', 0),
(116, 79, 73, 79, 'M', 'A', '', 0),
(117, 73, 80, 73, 'D', 'A', '', 0),
(118, 80, 73, 80, 'M', 'A', '', 0),
(119, 81, 82, 81, 'M', 'A', '', 0),
(120, 82, 81, 82, 'So', 'A', '', 0),
(121, 81, 83, 81, 'F', 'A', '', 0),
(122, 83, 81, 83, 'So', 'A', '', 0),
(123, 84, 85, 84, 'M', 'A', '', 0),
(124, 85, 84, 85, 'So', 'A', '', 0),
(125, 84, 86, 84, 'F', 'A', '', 0),
(126, 86, 84, 86, 'So', 'A', '', 0),
(127, 87, 88, 87, 'M', 'A', '', 0),
(128, 88, 87, 88, 'D', 'A', '', 0),
(129, 87, 89, 87, 'F', 'A', '', 0),
(130, 89, 87, 89, 'D', 'A', '', 0),
(131, 90, 91, 90, 'M', 'A', '', 0),
(132, 91, 90, 91, 'D', 'A', '', 0),
(133, 90, 92, 90, 'F', 'A', '', 0),
(134, 92, 90, 92, 'D', 'A', '', 0),
(135, 90, 93, 90, 'H', 'A', '', 0),
(136, 93, 90, 93, 'W', 'A', '', 0),
(137, 90, 94, 90, 'B', 'A', '', 0),
(138, 94, 90, 94, 'S', 'A', '', 0),
(139, 90, 95, 90, 'S', 'A', '', 0),
(140, 95, 90, 95, 'S', 'A', '', 0),
(141, 90, 96, 90, 'S', 'A', '', 0),
(142, 96, 90, 96, 'S', 'A', '', 0),
(143, 90, 97, 90, 'So', 'A', '', 0),
(144, 97, 90, 97, 'M', 'A', '', 0),
(145, 23, 98, 23, 'S', 'A', '', 0),
(146, 98, 23, 98, 'B', 'A', '', 0),
(147, 99, 100, 99, 'M', 'A', '', 0),
(148, 100, 99, 100, 'D', 'A', '', 0),
(149, 99, 101, 99, 'F', 'A', '', 0),
(150, 101, 99, 101, 'D', 'A', '', 0),
(151, 99, 102, 99, 'B', 'A', '', 0),
(152, 102, 99, 102, 'S', 'A', '', 0),
(153, 99, 103, 99, 'S', 'A', '', 0),
(154, 103, 99, 103, 'S', 'A', '', 0),
(155, 104, 105, 104, 'M', 'A', '', 0),
(156, 105, 104, 105, 'D', 'A', '', 0),
(157, 104, 106, 104, 'F', 'A', '', 0),
(158, 106, 104, 106, 'D', 'A', '', 0),
(159, 104, 107, 104, 'H', 'A', '', 0),
(160, 107, 104, 107, 'W', 'A', '', 0),
(161, 104, 108, 104, 'B', 'A', '', 0),
(162, 108, 104, 108, 'S', 'A', '', 0),
(163, 104, 109, 104, 'B', 'A', '', 0),
(164, 109, 104, 109, 'S', 'A', '', 0),
(165, 104, 110, 104, 'S', 'A', '', 0),
(166, 110, 104, 110, 'S', 'A', '', 0),
(167, 104, 111, 104, 'So', 'A', '', 0),
(168, 111, 104, 111, 'M', 'A', '', 0),
(169, 104, 112, 104, 'D', 'A', '', 0),
(170, 112, 104, 112, 'M', 'A', '', 0),
(171, 113, 114, 113, 'M', 'A', '', 0),
(172, 114, 113, 114, 'So', 'A', '', 0),
(173, 113, 115, 113, 'F', 'A', '', 0),
(174, 115, 113, 115, 'So', 'A', '', 0),
(175, 116, 117, 116, 'M', 'A', '', 0),
(176, 117, 116, 117, 'D', 'A', '', 0),
(177, 116, 118, 116, 'F', 'A', '', 0),
(178, 118, 116, 118, 'D', 'A', '', 0),
(179, 116, 119, 116, 'H', 'A', '', 0),
(180, 119, 116, 119, 'W', 'A', '', 0),
(181, 116, 120, 116, 'B', 'A', '', 0),
(182, 120, 116, 120, 'S', 'A', '', 0),
(183, 116, 121, 116, 'S', 'A', '', 0),
(184, 121, 116, 121, 'S', 'A', '', 0),
(185, 116, 122, 116, 'So', 'A', '', 0),
(186, 122, 116, 122, 'M', 'A', '', 0),
(187, 116, 123, 116, 'D', 'A', '', 0),
(188, 123, 116, 123, 'M', 'A', '', 0),
(189, 124, 126, 124, 'M', 'A', '', 0),
(190, 126, 124, 126, 'So', 'A', '', 0),
(191, 124, 127, 124, 'F', 'A', '', 0),
(192, 127, 124, 127, 'So', 'A', '', 0),
(193, 129, 130, 129, 'M', 'A', '', 0),
(194, 130, 129, 130, 'So', 'A', '', 0),
(195, 129, 131, 129, 'F', 'A', '', 0),
(196, 131, 129, 131, 'So', 'A', '', 0),
(197, 132, 133, 132, 'M', 'A', '', 0),
(198, 133, 132, 133, 'D', 'A', '', 0),
(199, 132, 134, 132, 'F', 'A', '', 0),
(200, 134, 132, 134, 'D', 'A', '', 0),
(201, 132, 135, 132, 'H', 'A', '', 0),
(202, 135, 132, 135, 'W', 'A', '', 0),
(203, 132, 136, 132, 'B', 'A', '', 0),
(204, 136, 132, 136, 'S', 'A', '', 0),
(205, 132, 137, 132, 'S', 'A', '', 0),
(206, 137, 132, 137, 'S', 'A', '', 0),
(207, 132, 138, 132, 'So', 'A', '', 0),
(208, 138, 132, 138, 'M', 'A', '', 0),
(209, 132, 139, 132, 'So', 'A', '', 0),
(210, 139, 132, 139, 'M', 'A', '', 0),
(211, 132, 140, 132, 'D', 'A', '', 0),
(212, 140, 132, 140, 'M', 'A', '', 0),
(213, 141, 142, 141, 'M', 'A', '', 0),
(214, 142, 141, 142, 'So', 'A', '', 0),
(215, 141, 143, 141, 'F', 'A', '', 0),
(216, 143, 141, 143, 'So', 'A', '', 0),
(217, 144, 145, 144, 'M', 'A', '', 0),
(218, 145, 144, 145, 'So', 'A', '', 0),
(219, 144, 146, 144, 'F', 'A', '', 0),
(220, 146, 144, 146, 'So', 'A', '', 0),
(221, 147, 148, 147, 'M', 'A', '', 0),
(222, 148, 147, 148, 'So', 'A', '', 0),
(223, 147, 149, 147, 'F', 'A', '', 0),
(224, 149, 147, 149, 'So', 'A', '', 0),
(225, 147, 150, 147, 'B', 'A', '', 0),
(226, 150, 147, 150, 'B', 'A', '', 0),
(227, 147, 151, 147, 'S', 'A', '', 0),
(228, 151, 147, 151, 'B', 'A', '', 0),
(229, 147, 152, 147, 'S', 'A', '', 0),
(230, 152, 147, 152, 'B', 'A', '', 0),
(233, 155, 156, 155, 'M', 'A', '', 0),
(234, 156, 155, 156, 'So', 'A', '', 0),
(235, 155, 157, 155, 'F', 'A', '', 0),
(236, 157, 155, 157, 'So', 'A', '', 0),
(237, 158, 160, 158, 'M', 'A', '', 0),
(238, 160, 158, 160, 'D', 'A', '', 0),
(239, 158, 161, 158, 'F', 'A', '', 0),
(240, 161, 158, 161, 'D', 'A', '', 0),
(241, 158, 162, 158, 'H', 'A', '', 0),
(242, 162, 158, 162, 'W', 'A', '', 0),
(243, 158, 163, 158, 'B', 'A', '', 0),
(244, 163, 158, 163, 'S', 'A', '', 0),
(245, 158, 164, 158, 'So', 'A', '', 0),
(246, 164, 158, 164, 'M', 'A', '', 0),
(247, 156, 165, 156, 'M', 'A', '', 0),
(248, 165, 156, 165, 'D', 'A', '', 0),
(249, 157, 166, 157, 'F', 'A', '', 0),
(250, 166, 157, 166, 'So', 'A', '', 0),
(251, 155, 155, 155, 'So', 'P', '', 0),
(252, 155, 155, 155, 'F', 'P', '', 0),
(253, 155, 168, 155, 'So', 'A', '', 0),
(254, 168, 155, 168, 'F', 'A', '', 0),
(255, 157, 124, 157, 'B', 'P', '', 0),
(256, 124, 157, 124, 'B', 'P', '', 0),
(257, 157, 169, 157, 'B', 'A', '', 0),
(258, 169, 157, 169, 'B', 'A', '', 0),
(259, 156, 173, 156, 'D', 'A', '', 0),
(260, 173, 156, 173, 'M', 'A', '', 0),
(261, 156, 174, 156, 'D', 'A', '', 0),
(262, 174, 156, 174, 'M', 'A', '', 0),
(267, 177, 178, 177, 'M', 'A', '', 0),
(268, 178, 177, 178, 'So', 'A', '', 0),
(269, 177, 179, 177, 'F', 'A', '', 0),
(270, 179, 177, 179, 'So', 'A', '', 0),
(273, 181, 182, 181, 'M', 'A', '', 0),
(274, 182, 181, 182, 'D', 'A', '', 0),
(275, 181, 183, 181, 'F', 'A', '', 0),
(276, 183, 181, 183, 'D', 'A', '', 0),
(277, 181, 184, 181, 'B', 'A', '', 0),
(278, 184, 181, 184, 'S', 'A', '', 0),
(279, 181, 185, 181, 'S', 'A', '', 0),
(280, 185, 181, 185, 'S', 'A', '', 0),
(281, 181, 186, 181, 'H', 'A', '', 0),
(282, 186, 181, 186, 'W', 'A', '', 0),
(283, 185, 187, 185, 'H', 'A', '', 0),
(284, 187, 185, 187, 'W', 'A', '', 0),
(295, 194, 195, 194, 'M', 'A', '', 0),
(296, 195, 194, 195, 'D', 'A', '', 0),
(297, 194, 196, 194, 'F', 'A', '', 0),
(298, 196, 194, 196, 'D', 'A', '', 0),
(299, 194, 197, 194, 'B', 'A', '', 0),
(300, 197, 194, 197, 'S', 'A', '', 0),
(301, 194, 198, 194, 'S', 'A', '', 0),
(302, 198, 194, 198, 'S', 'A', '', 0),
(303, 199, 200, 199, 'M', 'A', '', 0),
(304, 200, 199, 200, 'D', 'A', '', 0),
(305, 199, 201, 199, 'F', 'A', '', 0),
(306, 201, 199, 201, 'D', 'A', '', 0),
(307, 202, 203, 202, 'M', 'A', '', 0),
(308, 203, 202, 203, 'D', 'A', '', 0),
(309, 202, 204, 202, 'F', 'A', '', 0),
(310, 204, 202, 204, 'D', 'A', '', 0),
(311, 205, 206, 205, 'M', 'A', '', 0),
(312, 206, 205, 206, 'D', 'A', '', 0),
(313, 205, 207, 205, 'F', 'A', '', 0),
(314, 207, 205, 207, 'D', 'A', '', 0),
(315, 205, 208, 205, 'B', 'A', '', 0),
(316, 208, 205, 208, 'S', 'A', '', 0),
(317, 205, 209, 205, 'S', 'A', '', 0),
(318, 209, 205, 209, 'S', 'A', '', 0),
(319, 210, 211, 210, 'M', 'A', '', 0),
(320, 211, 210, 211, 'So', 'A', '', 0),
(321, 210, 212, 210, 'F', 'A', '', 0),
(322, 212, 210, 212, 'So', 'A', '', 0),
(323, 210, 214, 210, 'S', 'A', '', 0),
(324, 214, 210, 214, 'B', 'A', '', 0),
(325, 213, 215, 213, 'M', 'A', '', 0),
(326, 215, 213, 215, 'D', 'A', '', 0),
(327, 213, 216, 213, 'F', 'A', '', 0),
(328, 216, 213, 216, 'D', 'A', '', 0),
(329, 208, 217, 208, 'S', 'A', '', 0),
(330, 217, 208, 217, 'S', 'A', '', 0),
(333, 0, 219, 0, 'S', 'A', '', 0),
(334, 219, 0, 219, 'S', 'A', '', 0),
(335, 205, 220, 205, 'H', 'A', '', 0),
(336, 220, 205, 220, 'W', 'A', '', 0),
(337, 221, 222, 221, 'M', 'A', '', 0),
(338, 222, 221, 222, 'So', 'A', '', 0),
(339, 221, 223, 221, 'F', 'A', '', 0),
(340, 223, 221, 223, 'So', 'A', '', 0),
(341, 224, 225, 224, 'M', 'A', '', 0),
(342, 225, 224, 225, 'So', 'A', '', 0),
(343, 224, 226, 224, 'F', 'A', '', 0),
(344, 226, 224, 226, 'So', 'A', '', 0),
(345, 224, 227, 224, 'B', 'A', '', 0),
(346, 227, 224, 227, 'B', 'A', '', 0),
(347, 224, 228, 224, 'B', 'A', '', 0),
(348, 228, 224, 228, 'B', 'A', '', 0),
(349, 229, 230, 229, 'M', 'A', '', 0),
(350, 230, 229, 230, 'So', 'A', '', 0),
(351, 229, 231, 229, 'F', 'A', '', 0),
(352, 231, 229, 231, 'So', 'A', '', 0),
(353, 3, 232, 3, 'F', 'A', '', 0),
(354, 232, 3, 232, 'So', 'A', '', 0),
(355, 3, 233, 3, 'M', 'A', '', 0),
(356, 233, 3, 233, 'So', 'A', '', 0),
(357, 234, 235, 234, 'M', 'A', '', 0),
(358, 235, 234, 235, 'D', 'A', '', 0),
(359, 234, 236, 234, 'F', 'A', '', 0),
(360, 236, 234, 236, 'D', 'A', '', 0),
(361, 234, 237, 234, 'B', 'A', '', 0),
(362, 237, 234, 237, 'S', 'A', '', 0),
(363, 234, 238, 234, 'S', 'A', '', 0),
(364, 238, 234, 238, 'S', 'A', '', 0),
(365, 239, 240, 239, 'M', 'A', '', 0),
(366, 240, 239, 240, 'D', 'A', '', 0),
(367, 239, 241, 239, 'F', 'A', '', 0),
(368, 241, 239, 241, 'D', 'A', '', 0),
(369, 239, 242, 239, 'S', 'A', '', 0),
(370, 242, 239, 242, 'S', 'A', '', 0),
(371, 240, 243, 240, 'B', 'A', '', 0),
(372, 243, 240, 243, 'S', 'A', '', 0),
(373, 0, 244, 0, 'B', 'A', '', 0),
(374, 244, 0, 244, 'S', 'A', '', 0),
(375, 240, 245, 240, 'F', 'A', '', 0),
(376, 245, 240, 245, 'D', 'A', '', 0),
(377, 245, 246, 245, 'W', 'A', '', 0),
(378, 246, 245, 246, 'H', 'A', '', 0),
(379, 248, 249, 248, 'M', 'A', '', 0),
(380, 249, 248, 249, 'D', 'A', '', 0),
(381, 248, 250, 248, 'F', 'A', '', 0),
(382, 250, 248, 250, 'D', 'A', '', 0),
(383, 248, 251, 248, 'H', 'A', '', 0),
(384, 251, 248, 251, 'W', 'A', '', 0),
(385, 248, 252, 248, 'B', 'A', '', 0),
(386, 252, 248, 252, 'S', 'A', '', 0),
(387, 253, 254, 253, 'M', 'A', '', 0),
(388, 254, 253, 254, 'D', 'A', '', 0),
(389, 253, 255, 253, 'F', 'A', '', 0),
(390, 255, 253, 255, 'D', 'A', '', 0),
(391, 253, 256, 253, 'H', 'A', '', 0),
(392, 256, 253, 256, 'W', 'A', '', 0),
(393, 253, 257, 253, 'B', 'A', '', 0),
(394, 257, 253, 257, 'S', 'A', '', 0),
(395, 253, 258, 253, 'S', 'A', '', 0),
(396, 258, 253, 258, 'S', 'A', '', 0),
(397, 253, 259, 253, 'So', 'A', '', 0),
(398, 259, 253, 259, 'M', 'A', '', 0),
(399, 253, 260, 253, 'D', 'A', '', 0),
(400, 260, 253, 260, 'M', 'A', '', 0),
(401, 0, 261, 0, 'M', 'A', '', 0),
(402, 0, 261, 0, 'M', 'A', '', 0),
(403, 263, 264, 263, 'M', 'A', '', 0),
(404, 264, 263, 264, 'So', 'A', '', 0),
(405, 263, 265, 263, 'F', 'A', '', 0),
(406, 265, 263, 265, 'So', 'A', '', 0),
(407, 263, 266, 263, 'B', 'A', '', 0),
(408, 266, 263, 266, 'B', 'A', '', 0),
(409, 248, 267, 248, 'S', 'A', '', 0),
(410, 267, 248, 267, 'S', 'A', '', 0),
(411, 268, 269, 268, 'M', 'A', '', 0),
(412, 269, 268, 269, 'D', 'A', '', 0),
(413, 268, 270, 268, 'F', 'A', '', 0),
(414, 270, 268, 270, 'D', 'A', '', 0),
(415, 268, 271, 268, 'B', 'A', '', 0),
(416, 271, 268, 271, 'S', 'A', '', 0),
(417, 250, 275, 250, 'B', 'A', '', 0),
(418, 275, 250, 275, 'S', 'A', '', 0),
(419, 278, 279, 278, 'M', 'A', '', 0),
(420, 279, 278, 279, 'So', 'A', '', 0),
(421, 278, 280, 278, 'F', 'A', '', 0),
(422, 280, 278, 280, 'So', 'A', '', 0),
(423, 283, 284, 283, 'M', 'A', '', 0),
(424, 284, 283, 284, 'So', 'A', '', 0),
(425, 283, 285, 283, 'F', 'A', '', 0),
(426, 285, 283, 285, 'So', 'A', '', 0),
(427, 287, 288, 287, 'M', 'A', '', 0),
(428, 288, 287, 288, 'So', 'A', '', 0),
(429, 287, 289, 287, 'F', 'A', '', 0),
(430, 289, 287, 289, 'So', 'A', '', 0),
(431, 290, 291, 290, 'M', 'A', '', 0),
(432, 290, 291, 290, 'M', 'A', '', 0),
(433, 290, 292, 290, 'F', 'A', '', 0),
(434, 290, 292, 290, 'F', 'A', '', 0),
(435, 293, 294, 293, 'M', 'A', '', 0),
(436, 294, 293, 294, 'D', 'A', '', 0),
(437, 293, 295, 293, 'F', 'A', '', 0),
(438, 295, 293, 295, 'D', 'A', '', 0),
(439, 296, 297, 296, 'M', 'A', '', 0),
(440, 297, 296, 297, 'So', 'A', '', 0),
(441, 296, 298, 296, 'F', 'A', '', 0),
(442, 298, 296, 298, 'So', 'A', '', 0),
(443, 296, 299, 296, 'W', 'A', '', 0),
(444, 299, 296, 299, 'H', 'A', '', 0),
(445, 296, 300, 296, 'B', 'A', '', 0),
(446, 300, 296, 300, 'B', 'A', '', 0),
(447, 296, 301, 296, 'B', 'A', '', 0),
(448, 301, 296, 301, 'B', 'A', '', 0),
(449, 296, 302, 296, 'S', 'A', '', 0),
(450, 302, 296, 302, 'B', 'A', '', 0),
(451, 296, 303, 296, 'So', 'A', '', 0),
(452, 303, 296, 303, 'F', 'A', '', 0),
(453, 296, 304, 296, 'D', 'A', '', 0),
(454, 304, 296, 304, 'F', 'A', '', 0),
(455, 305, 306, 305, 'M', 'A', '', 0),
(456, 306, 305, 306, 'So', 'A', '', 0),
(457, 305, 307, 305, 'F', 'A', '', 0),
(458, 307, 305, 307, 'So', 'A', '', 0),
(459, 305, 308, 305, 'S', 'A', '', 0),
(460, 308, 305, 308, 'B', 'A', '', 0),
(461, 307, 309, 307, 'F', 'A', '', 0),
(462, 309, 307, 309, 'So', 'A', '', 0),
(463, 306, 310, 306, 'F', 'A', '', 0),
(464, 310, 306, 310, 'D', 'A', '', 0),
(465, 306, 311, 306, 'M', 'A', '', 0),
(466, 311, 306, 311, 'D', 'A', '', 0),
(467, 313, 314, 313, 'M', 'A', '', 0),
(468, 314, 313, 314, 'So', 'A', '', 0),
(469, 313, 315, 313, 'F', 'A', '', 0),
(470, 315, 313, 315, 'So', 'A', '', 0),
(471, 322, 325, 322, 'M', 'A', NULL, NULL),
(472, 325, 322, 325, 'D', 'A', NULL, NULL),
(473, 322, 326, 322, 'F', 'A', NULL, NULL),
(474, 326, 322, 326, 'D', 'A', NULL, NULL),
(475, 322, 327, 322, 'H', 'A', NULL, NULL),
(476, 327, 322, 327, 'W', 'A', NULL, NULL),
(477, 322, 328, 322, 'B', 'A', NULL, NULL),
(478, 328, 322, 328, 'S', 'A', NULL, NULL),
(479, 322, 329, 322, 'B', 'A', NULL, NULL),
(480, 329, 322, 329, 'S', 'A', NULL, NULL),
(481, 322, 330, 322, 'S', 'A', NULL, NULL),
(482, 330, 322, 330, 'S', 'A', NULL, NULL),
(483, 322, 331, 322, 'S', 'A', NULL, NULL),
(484, 331, 322, 331, 'S', 'A', NULL, NULL),
(485, 322, 332, 322, 'So', 'A', NULL, NULL),
(486, 332, 322, 332, 'M', 'A', NULL, NULL),
(487, 322, 333, 322, 'D', 'A', NULL, NULL),
(488, 333, 322, 333, 'M', 'A', NULL, NULL),
(489, 330, 334, 330, 'H', 'A', NULL, NULL),
(490, 334, 330, 334, 'W', 'A', NULL, NULL),
(491, 331, 335, 331, 'H', 'A', NULL, NULL),
(492, 335, 331, 335, 'W', 'A', NULL, NULL),
(493, 330, 336, 330, 'So', 'A', NULL, NULL),
(494, 336, 330, 336, 'M', 'A', NULL, NULL),
(495, 330, 337, 330, 'D', 'A', NULL, NULL),
(496, 337, 330, 337, 'M', 'A', NULL, NULL),
(497, 335, 338, 335, 'D', 'A', NULL, NULL),
(498, 338, 335, 338, 'F', 'A', NULL, NULL),
(499, 331, 339, 331, 'So', 'A', NULL, NULL),
(500, 339, 331, 339, 'M', 'A', NULL, NULL),
(501, 328, 340, 328, 'W', 'A', NULL, NULL),
(502, 340, 328, 340, 'H', 'A', NULL, NULL),
(503, 329, 341, 329, 'W', 'A', NULL, NULL),
(504, 341, 329, 341, 'H', 'A', NULL, NULL),
(505, 328, 342, 328, 'D', 'A', NULL, NULL),
(506, 342, 328, 342, 'F', 'A', NULL, NULL),
(507, 329, 343, 329, 'So', 'A', NULL, NULL),
(508, 343, 329, 343, 'F', 'A', NULL, NULL),
(509, 345, 346, 345, 'M', 'A', NULL, NULL),
(510, 346, 345, 346, 'D', 'A', NULL, NULL),
(511, 345, 347, 345, 'F', 'A', NULL, NULL),
(512, 347, 345, 347, 'D', 'A', NULL, NULL),
(513, 345, 348, 345, 'H', 'A', NULL, NULL),
(514, 348, 345, 348, 'W', 'A', NULL, NULL),
(515, 345, 349, 345, 'B', 'A', NULL, NULL),
(516, 349, 345, 349, 'S', 'A', NULL, NULL),
(517, 350, 351, 350, 'M', 'A', NULL, NULL),
(518, 350, 351, 350, 'M', 'A', NULL, NULL),
(519, 350, 352, 350, 'F', 'A', NULL, NULL),
(520, 350, 352, 350, 'F', 'A', NULL, NULL),
(521, 350, 353, 350, 'M', 'A', NULL, NULL),
(522, 353, 350, 353, 'So', 'A', NULL, NULL),
(523, 350, 354, 350, 'F', 'A', NULL, NULL),
(524, 354, 350, 354, 'So', 'A', NULL, NULL),
(525, 350, 355, 350, 'B', 'A', NULL, NULL),
(526, 355, 350, 355, 'B', 'A', NULL, NULL),
(527, 356, 357, 356, 'M', 'A', NULL, NULL),
(528, 357, 356, 357, 'D', 'A', NULL, NULL),
(529, 356, 358, 356, 'F', 'A', NULL, NULL),
(530, 358, 356, 358, 'D', 'A', NULL, NULL),
(531, 358, 359, 358, 'F', 'A', NULL, NULL),
(532, 359, 358, 359, 'So', 'A', NULL, NULL),
(533, 357, 360, 357, 'F', 'A', NULL, NULL),
(534, 360, 357, 360, 'D', 'A', NULL, NULL),
(535, 357, 362, 357, 'S', 'A', NULL, NULL),
(536, 362, 357, 362, 'S', 'A', NULL, NULL),
(541, 0, 366, 0, 'F', 'A', NULL, NULL),
(542, 0, 366, 0, 'F', 'A', NULL, NULL),
(543, 367, 368, 367, 'M', 'A', NULL, NULL),
(544, 368, 367, 368, 'D', 'A', NULL, NULL),
(545, 367, 369, 367, 'F', 'A', NULL, NULL),
(546, 369, 367, 369, 'D', 'A', NULL, NULL),
(547, 367, 370, 367, 'B', 'A', NULL, NULL),
(548, 370, 367, 370, 'S', 'A', NULL, NULL),
(549, 370, 363, 370, 'B', 'P', NULL, NULL),
(550, 363, 370, 363, 'S', 'P', NULL, NULL),
(551, 370, 371, 370, 'B', 'A', NULL, NULL),
(552, 371, 370, 371, 'S', 'A', NULL, NULL),
(553, 367, 372, 367, 'H', 'A', NULL, NULL),
(554, 372, 367, 372, 'W', 'A', NULL, NULL),
(555, 373, 374, 373, 'M', 'A', NULL, NULL),
(556, 374, 373, 374, 'So', 'A', NULL, NULL),
(557, 373, 375, 373, 'F', 'A', NULL, NULL),
(558, 375, 373, 375, 'So', 'A', NULL, NULL),
(559, 373, 376, 373, 'So', 'A', NULL, NULL),
(560, 376, 373, 376, 'F', 'A', NULL, NULL),
(561, 373, 377, 373, 'So', 'A', NULL, NULL),
(562, 377, 373, 377, 'F', 'A', NULL, NULL),
(563, 373, 378, 373, 'So', 'A', NULL, NULL),
(564, 378, 373, 378, 'F', 'A', NULL, NULL),
(565, 0, 379, 0, '', 'A', NULL, NULL),
(566, 0, 379, 0, '', 'A', NULL, NULL),
(567, 380, 381, 380, 'M', 'A', NULL, NULL),
(568, 381, 380, 381, 'So', 'A', NULL, NULL),
(569, 380, 382, 380, 'F', 'A', NULL, NULL),
(570, 382, 380, 382, 'So', 'A', NULL, NULL),
(571, 0, 363, 0, 'B', 'P', NULL, NULL),
(572, 363, 0, 363, 'B', 'P', NULL, NULL),
(573, 0, 383, 0, 'B', 'A', NULL, NULL),
(574, 383, 0, 383, 'B', 'A', NULL, NULL);

-- --------------------------------------------------------

--
-- Table structure for table `roottildb_user_request`
--

CREATE TABLE `roottildb_user_request` (
  `roottilDb_user_request_id` int(11) NOT NULL,
  `roottilDb_user_id` int(11) NOT NULL,
  `roottilDb_user_request_from` varchar(500) NOT NULL,
  `roottilDb_user_request_to` varchar(500) NOT NULL,
  `roottilDb_user_request_details` varchar(500) NOT NULL,
  `roottilDb_user_request_rltn` varchar(10) NOT NULL DEFAULT 'RQ',
  `roottilDb_user_request_status` varchar(10) NOT NULL DEFAULT 'P' COMMENT 'P= Existing, A= New, R=Rejected',
  `roottilDb_user_request_created_date` timestamp NOT NULL DEFAULT CURRENT_TIMESTAMP
) ENGINE=InnoDB DEFAULT CHARSET=latin1;

--
-- Dumping data for table `roottildb_user_request`
--

INSERT INTO `roottildb_user_request` (`roottilDb_user_request_id`, `roottilDb_user_id`, `roottilDb_user_request_from`, `roottilDb_user_request_to`, `roottilDb_user_request_details`, `roottilDb_user_request_rltn`, `roottilDb_user_request_status`, `roottilDb_user_request_created_date`) VALUES
(1, 1, '1', '2', 'requested for new relation', 'RQ', 'A', '2016-09-24 01:22:38'),
(2, 1, '1', '3', 'requested for new relation', 'RQ', 'A', '2016-09-24 01:22:38'),
(3, 1, '1', '4', 'requested for new relation', 'RQ', 'A', '2016-09-24 01:22:38'),
(4, 1, '1', '5', 'requested for new relation', 'RQ', 'A', '2016-09-24 01:22:38'),
(5, 1, '1', '6', 'requested for new relation', 'RQ', 'A', '2016-09-24 01:22:38'),
(6, 1, '1', '7', 'requested for new relation', 'RQ', 'A', '2016-09-24 01:22:38'),
(7, 1, '1', '8', 'requested for new relation', 'RQ', 'A', '2016-09-24 01:22:38'),
(8, 1, '1', '9', 'send invitation', 'RQ', 'P', '2016-09-23 13:29:20'),
(9, 9, '9', '10', 'requested for new relation', 'RQ', 'A', '2016-09-24 01:39:12'),
(10, 9, '9', '11', 'requested for new relation', 'RQ', 'A', '2016-09-24 01:39:12'),
(11, 9, '9', '12', 'requested for new relation', 'RQ', 'A', '2016-09-24 01:39:12'),
(12, 9, '9', '13', 'requested for new relation', 'RQ', 'A', '2016-09-24 01:39:12'),
(13, 9, '9', '14', 'requested for new relation', 'RQ', 'A', '2016-09-24 01:39:12'),
(14, 16, '16', '17', 'requested for new relation', 'RQ', 'A', '2016-09-24 08:20:49'),
(15, 16, '16', '18', 'requested for new relation', 'RQ', 'A', '2016-09-24 08:20:49'),
(16, 16, '16', '19', 'requested for new relation', 'RQ', 'A', '2016-09-24 08:20:49'),
(17, 22, '22', '23', 'requested for new relation', 'RQ', 'A', '2016-09-26 17:51:05'),
(18, 22, '22', '24', 'requested for new relation', 'RQ', 'A', '2016-09-26 17:51:05'),
(19, 22, '22', '25', 'requested for new relation', 'RQ', 'A', '2016-09-26 17:51:05'),
(20, 33, '33', '34', 'requested for new relation', 'RQ', 'A', '2016-09-26 20:06:59'),
(21, 33, '33', '35', 'requested for new relation', 'RQ', 'A', '2016-09-26 20:06:59'),
(22, 33, '33', '36', 'requested for new relation', 'RQ', 'A', '2016-09-26 20:06:59'),
(23, 33, '33', '37', 'requested for new relation', 'RQ', 'A', '2016-09-26 20:06:59'),
(24, 33, '33', '38', 'requested for new relation', 'RQ', 'A', '2016-09-26 20:06:59'),
(25, 33, '33', '39', 'requested for new relation', 'RQ', 'A', '2016-09-26 20:06:59'),
(26, 33, '33', '40', 'requested for new relation', 'RQ', 'A', '2016-09-26 20:06:59'),
(27, 41, '41', '42', 'requested for new relation', 'RQ', 'A', '2016-09-26 21:21:34'),
(28, 41, '41', '43', 'requested for new relation', 'RQ', 'A', '2016-09-26 21:21:34'),
(29, 45, '45', '46', 'requested for new relation', 'RQ', 'A', '2016-09-27 17:18:47'),
(30, 45, '45', '47', 'requested for new relation', 'RQ', 'A', '2016-09-27 17:18:47'),
(31, 45, '45', '48', 'requested for new relation', 'RQ', 'A', '2016-09-27 17:18:47'),
(32, 45, '45', '49', 'requested for new relation', 'RQ', 'A', '2016-09-27 17:18:47'),
(33, 45, '45', '50', 'requested for new relation', 'RQ', 'A', '2016-09-27 17:18:47'),
(34, 45, '45', '51', 'requested for new relation', 'RQ', 'A', '2016-09-27 17:18:47'),
(35, 45, '45', '52', 'requested for new relation', 'RQ', 'A', '2016-09-27 17:18:47'),
(36, 53, '53', '54', 'requested for new relation', 'RQ', 'A', '2016-09-27 17:40:04'),
(37, 53, '53', '55', 'requested for new relation', 'RQ', 'A', '2016-09-27 17:40:04'),
(38, 53, '53', '56', 'requested for new relation', 'RQ', 'A', '2016-09-27 17:40:04'),
(39, 53, '53', '57', 'requested for new relation', 'RQ', 'A', '2016-09-27 17:40:04'),
(40, 53, '53', '58', 'requested for new relation', 'RQ', 'A', '2016-09-27 17:40:04'),
(41, 53, '53', '59', 'requested for new relation', 'RQ', 'A', '2016-09-27 17:40:04'),
(42, 53, '53', '60', 'requested for new relation', 'RQ', 'A', '2016-09-27 17:40:04'),
(43, 53, '53', '61', 'requested for new relation', 'RQ', 'A', '2016-09-27 17:40:04'),
(44, 41, '41', '62', 'requested for new relation', 'RQ', 'A', '2016-09-27 18:25:33'),
(45, 41, '41', '63', 'requested for new relation', 'RQ', 'A', '2016-09-27 18:25:56'),
(46, 41, '41', '64', 'requested for new relation', 'RQ', 'A', '2016-09-27 18:26:08'),
(47, 65, '65', '66', 'requested for new relation', 'RQ', 'A', '2016-09-27 18:43:21'),
(48, 65, '65', '67', 'requested for new relation', 'RQ', 'A', '2016-09-27 18:43:21'),
(49, 65, '65', '68', 'requested for new relation', 'RQ', 'A', '2016-09-27 18:43:21'),
(50, 65, '65', '69', 'requested for new relation', 'RQ', 'A', '2016-09-27 18:43:21'),
(51, 65, '65', '70', 'requested for new relation', 'RQ', 'A', '2016-09-27 18:43:21'),
(52, 65, '65', '71', 'requested for new relation', 'RQ', 'A', '2016-09-27 18:43:21'),
(53, 65, '65', '72', 'requested for new relation', 'RQ', 'A', '2016-09-27 18:43:21'),
(54, 73, '73', '74', 'requested for new relation', 'RQ', 'A', '2016-09-27 18:53:08'),
(55, 73, '73', '75', 'requested for new relation', 'RQ', 'A', '2016-09-27 18:53:08'),
(56, 73, '73', '76', 'requested for new relation', 'RQ', 'A', '2016-09-27 18:53:08'),
(57, 73, '73', '77', 'requested for new relation', 'RQ', 'A', '2016-09-27 18:53:08'),
(58, 73, '73', '78', 'requested for new relation', 'RQ', 'A', '2016-09-27 18:53:08'),
(59, 73, '73', '79', 'requested for new relation', 'RQ', 'A', '2016-09-27 18:53:08'),
(60, 73, '73', '80', 'requested for new relation', 'RQ', 'A', '2016-09-27 18:53:08'),
(61, 81, '81', '82', 'requested for new relation', 'RQ', 'A', '2016-09-27 21:04:59'),
(62, 81, '81', '83', 'requested for new relation', 'RQ', 'A', '2016-09-27 21:04:59'),
(63, 84, '84', '85', 'requested for new relation', 'RQ', 'A', '2016-09-27 23:32:53'),
(64, 84, '84', '86', 'requested for new relation', 'RQ', 'A', '2016-09-27 23:32:53'),
(65, 87, '87', '88', 'requested for new relation', 'RQ', 'A', '2016-09-28 04:03:30'),
(66, 87, '87', '89', 'requested for new relation', 'RQ', 'A', '2016-09-28 04:03:30'),
(67, 90, '90', '91', 'requested for new relation', 'RQ', 'A', '2016-09-28 18:52:04'),
(68, 90, '90', '92', 'requested for new relation', 'RQ', 'A', '2016-09-28 18:52:04'),
(69, 90, '90', '93', 'requested for new relation', 'RQ', 'A', '2016-09-28 18:52:04'),
(70, 90, '90', '94', 'requested for new relation', 'RQ', 'A', '2016-09-28 18:52:04'),
(71, 90, '90', '95', 'requested for new relation', 'RQ', 'A', '2016-09-28 18:52:04'),
(72, 90, '90', '96', 'requested for new relation', 'RQ', 'A', '2016-09-28 18:52:04'),
(73, 90, '90', '97', 'requested for new relation', 'RQ', 'A', '2016-09-28 18:52:04'),
(74, 22, '23', '98', 'requested for new relation', 'RQ', 'A', '2016-09-28 22:26:37'),
(75, 99, '99', '100', 'requested for new relation', 'RQ', 'A', '2016-09-29 22:42:37'),
(76, 99, '99', '101', 'requested for new relation', 'RQ', 'A', '2016-09-29 22:42:37'),
(77, 99, '99', '102', 'requested for new relation', 'RQ', 'A', '2016-09-29 22:42:37'),
(78, 99, '99', '103', 'requested for new relation', 'RQ', 'A', '2016-09-29 22:42:37'),
(79, 104, '104', '105', 'requested for new relation', 'RQ', 'A', '2016-09-30 02:04:01'),
(80, 104, '104', '106', 'requested for new relation', 'RQ', 'A', '2016-09-30 02:04:01'),
(81, 104, '104', '107', 'requested for new relation', 'RQ', 'A', '2016-09-30 02:05:35'),
(82, 104, '104', '108', 'requested for new relation', 'RQ', 'A', '2016-09-30 02:05:35'),
(83, 104, '104', '109', 'requested for new relation', 'RQ', 'A', '2016-09-30 02:05:35'),
(84, 104, '104', '110', 'requested for new relation', 'RQ', 'A', '2016-09-30 02:05:35'),
(85, 104, '104', '111', 'requested for new relation', 'RQ', 'A', '2016-09-30 02:05:35'),
(86, 104, '104', '112', 'requested for new relation', 'RQ', 'A', '2016-09-30 02:05:35'),
(87, 113, '113', '114', 'requested for new relation', 'RQ', 'A', '2016-09-30 04:45:16'),
(88, 113, '113', '115', 'requested for new relation', 'RQ', 'A', '2016-09-30 04:45:16'),
(89, 116, '116', '117', 'requested for new relation', 'RQ', 'A', '2016-09-30 18:17:02'),
(90, 116, '116', '118', 'requested for new relation', 'RQ', 'A', '2016-09-30 18:17:02'),
(91, 116, '116', '119', 'requested for new relation', 'RQ', 'A', '2016-09-30 18:19:39'),
(92, 116, '116', '120', 'requested for new relation', 'RQ', 'A', '2016-09-30 18:19:39'),
(93, 116, '116', '121', 'requested for new relation', 'RQ', 'A', '2016-09-30 18:19:39'),
(94, 116, '116', '122', 'requested for new relation', 'RQ', 'A', '2016-09-30 18:19:39'),
(95, 116, '116', '123', 'requested for new relation', 'RQ', 'A', '2016-09-30 18:19:39'),
(96, 41, '41', '125', 'send invitation', 'RQ', 'P', '2016-09-30 18:33:15'),
(97, 124, '124', '126', 'requested for new relation', 'RQ', 'A', '2016-09-30 18:37:09'),
(98, 124, '124', '127', 'requested for new relation', 'RQ', 'A', '2016-09-30 18:37:09'),
(99, 129, '129', '130', 'requested for new relation', 'RQ', 'A', '2016-09-30 21:21:23'),
(100, 129, '129', '131', 'requested for new relation', 'RQ', 'A', '2016-09-30 21:21:23'),
(101, 132, '132', '133', 'requested for new relation', 'RQ', 'A', '2016-10-01 03:13:19'),
(102, 132, '132', '134', 'requested for new relation', 'RQ', 'A', '2016-10-01 03:13:19'),
(103, 132, '132', '135', 'requested for new relation', 'RQ', 'A', '2016-10-01 03:14:20'),
(104, 132, '132', '136', 'requested for new relation', 'RQ', 'A', '2016-10-01 03:14:20'),
(105, 132, '132', '137', 'requested for new relation', 'RQ', 'A', '2016-10-01 03:14:20'),
(106, 132, '132', '138', 'requested for new relation', 'RQ', 'A', '2016-10-01 03:14:20'),
(107, 132, '132', '139', 'requested for new relation', 'RQ', 'A', '2016-10-01 03:14:20'),
(108, 132, '132', '140', 'requested for new relation', 'RQ', 'A', '2016-10-01 03:14:20'),
(109, 141, '141', '142', 'requested for new relation', 'RQ', 'A', '2016-10-01 07:15:18'),
(110, 141, '141', '143', 'requested for new relation', 'RQ', 'A', '2016-10-01 07:15:18'),
(111, 144, '144', '145', 'requested for new relation', 'RQ', 'A', '2016-10-02 20:15:56'),
(112, 144, '144', '146', 'requested for new relation', 'RQ', 'A', '2016-10-02 20:15:56'),
(113, 147, '147', '148', 'requested for new relation', 'RQ', 'A', '2016-10-03 17:45:56'),
(114, 147, '147', '149', 'requested for new relation', 'RQ', 'A', '2016-10-03 17:45:56'),
(115, 147, '147', '150', 'requested for new relation', 'RQ', 'A', '2016-10-03 17:58:53'),
(116, 147, '147', '151', 'requested for new relation', 'RQ', 'A', '2016-10-03 17:58:53'),
(117, 147, '147', '152', 'requested for new relation', 'RQ', 'A', '2016-10-03 17:58:53'),
(118, 99, '99', '153', 'send invitation', 'RQ', 'P', '2016-10-03 12:38:29'),
(119, 41, '', '154', 'requested for new relation', 'RQ', 'A', '2016-10-04 01:34:52'),
(120, 155, '155', '156', 'requested for new relation', 'RQ', 'A', '2016-10-04 19:25:09'),
(121, 155, '155', '157', 'requested for new relation', 'RQ', 'A', '2016-10-04 19:25:09'),
(122, 158, '158', '160', 'requested for new relation', 'RQ', 'A', '2016-10-04 22:01:12'),
(123, 158, '158', '161', 'requested for new relation', 'RQ', 'A', '2016-10-04 22:01:12'),
(124, 158, '158', '162', 'requested for new relation', 'RQ', 'A', '2016-10-04 22:02:15'),
(125, 158, '158', '163', 'requested for new relation', 'RQ', 'A', '2016-10-04 22:02:15'),
(126, 158, '158', '164', 'requested for new relation', 'RQ', 'A', '2016-10-04 22:02:15'),
(127, 155, '156', '165', 'requested for new relation', 'RQ', 'A', '2016-10-04 22:02:58'),
(128, 155, '157', '166', 'requested for new relation', 'RQ', 'A', '2016-10-04 22:03:52'),
(129, 158, '158', '167', 'send invitation', 'RQ', 'P', '2016-10-04 10:04:24'),
(130, 155, '155', '155', 'requested for new relation', 'RQ', 'P', '2016-10-04 09:34:55'),
(131, 155, '155', '168', 'requested for new relation', 'RQ', 'A', '2016-10-04 22:04:55'),
(132, 155, '157', '124', 'requested for new relation', 'RQ', 'P', '2016-10-04 09:39:17'),
(133, 155, '157', '169', 'requested for new relation', 'RQ', 'A', '2016-10-04 22:09:17'),
(134, 158, '158', '170', 'send invitation', 'RQ', 'P', '2016-10-04 10:33:21'),
(135, 158, '158', '171', 'send invitation', 'RQ', 'P', '2016-10-04 10:34:57'),
(136, 158, '158', '172', 'send invitation', 'RQ', 'P', '2016-10-04 10:38:25'),
(137, 155, '156', '173', 'requested for new relation', 'RQ', 'A', '2016-10-05 00:26:17'),
(138, 155, '156', '174', 'requested for new relation', 'RQ', 'A', '2016-10-05 00:26:57'),
(139, 41, '41', '175', 'requested for new relation', 'RQ', 'A', '2016-10-05 17:11:15'),
(140, 41, '41', '176', 'requested for new relation', 'RQ', 'A', '2016-10-05 17:13:06'),
(141, 177, '177', '178', 'requested for new relation', 'RQ', 'A', '2016-10-05 17:49:08'),
(142, 177, '177', '179', 'requested for new relation', 'RQ', 'A', '2016-10-05 17:49:08'),
(143, 41, '41', '180', 'requested for new relation', 'RQ', 'A', '2016-10-05 23:37:39'),
(144, 181, '181', '182', 'requested for new relation', 'RQ', 'A', '2016-10-06 01:39:17'),
(145, 181, '181', '183', 'requested for new relation', 'RQ', 'A', '2016-10-06 01:39:17'),
(146, 181, '181', '184', 'requested for new relation', 'RQ', 'A', '2016-10-06 01:41:19'),
(147, 181, '181', '185', 'requested for new relation', 'RQ', 'A', '2016-10-06 01:41:19'),
(148, 181, '181', '186', 'requested for new relation', 'RQ', 'A', '2016-10-06 01:41:42'),
(149, 181, '185', '187', 'requested for new relation', 'RQ', 'A', '2016-10-06 01:42:22'),
(150, 188, '188', '189', 'requested for new relation', 'RQ', 'A', '2016-10-06 01:46:20'),
(151, 188, '188', '190', 'requested for new relation', 'RQ', 'A', '2016-10-06 01:46:20'),
(152, 188, '188', '191', 'requested for new relation', 'RQ', 'A', '2016-10-06 01:46:59'),
(153, 188, '188', '192', 'requested for new relation', 'RQ', 'A', '2016-10-06 01:47:32'),
(154, 188, '188', '193', 'requested for new relation', 'RQ', 'A', '2016-10-06 18:02:00'),
(155, 194, '194', '195', 'requested for new relation', 'RQ', 'A', '2016-10-06 23:58:14'),
(156, 194, '194', '196', 'requested for new relation', 'RQ', 'A', '2016-10-06 23:58:14'),
(157, 194, '194', '197', 'requested for new relation', 'RQ', 'A', '2016-10-06 23:59:31'),
(158, 194, '194', '198', 'requested for new relation', 'RQ', 'A', '2016-10-06 23:59:31'),
(159, 199, '199', '200', 'requested for new relation', 'RQ', 'A', '2016-10-07 01:58:42'),
(160, 199, '199', '201', 'requested for new relation', 'RQ', 'A', '2016-10-07 01:58:42'),
(161, 202, '202', '203', 'requested for new relation', 'RQ', 'A', '2016-10-07 02:03:26'),
(162, 202, '202', '204', 'requested for new relation', 'RQ', 'A', '2016-10-07 02:03:26'),
(163, 205, '205', '206', 'requested for new relation', 'RQ', 'A', '2016-10-07 16:59:51'),
(164, 205, '205', '207', 'requested for new relation', 'RQ', 'A', '2016-10-07 16:59:51'),
(165, 205, '205', '208', 'requested for new relation', 'RQ', 'A', '2016-10-07 17:00:42'),
(166, 205, '205', '209', 'requested for new relation', 'RQ', 'A', '2016-10-07 17:00:42'),
(167, 210, '210', '211', 'requested for new relation', 'RQ', 'A', '2016-10-07 17:09:25'),
(168, 210, '210', '212', 'requested for new relation', 'RQ', 'A', '2016-10-07 17:09:25'),
(169, 210, '210', '214', 'requested for new relation', 'RQ', 'A', '2016-10-07 17:59:53'),
(170, 213, '213', '215', 'requested for new relation', 'RQ', 'A', '2016-10-07 18:00:43'),
(171, 213, '213', '216', 'requested for new relation', 'RQ', 'A', '2016-10-07 18:00:43'),
(172, 205, '208', '217', 'requested for new relation', 'RQ', 'A', '2016-10-07 18:51:53'),
(173, 205, '205', '218', 'requested for new relation', 'RQ', 'A', '2016-10-07 18:52:35'),
(174, 205, '', '219', 'requested for new relation', 'RQ', 'A', '2016-10-07 18:52:57'),
(175, 205, '205', '220', 'requested for new relation', 'RQ', 'A', '2016-10-07 18:55:38'),
(176, 221, '221', '222', 'requested for new relation', 'RQ', 'A', '2016-10-08 02:15:25'),
(177, 221, '221', '223', 'requested for new relation', 'RQ', 'A', '2016-10-08 02:15:25'),
(178, 224, '224', '225', 'requested for new relation', 'RQ', 'A', '2016-10-09 17:30:26'),
(179, 224, '224', '226', 'requested for new relation', 'RQ', 'A', '2016-10-09 17:30:26'),
(180, 224, '224', '227', 'requested for new relation', 'RQ', 'A', '2016-10-09 18:26:00'),
(181, 224, '224', '228', 'requested for new relation', 'RQ', 'A', '2016-10-09 18:26:00'),
(182, 229, '229', '230', 'requested for new relation', 'RQ', 'A', '2016-10-11 13:11:23'),
(183, 229, '229', '231', 'requested for new relation', 'RQ', 'A', '2016-10-11 13:11:23'),
(184, 1, '3', '233', 'requested for new relation', 'RQ', 'A', '2016-10-11 18:59:21'),
(185, 234, '234', '235', 'requested for new relation', 'RQ', 'A', '2016-10-11 21:03:11'),
(186, 234, '234', '236', 'requested for new relation', 'RQ', 'A', '2016-10-11 21:03:11'),
(187, 234, '234', '237', 'requested for new relation', 'RQ', 'A', '2016-10-11 21:29:33'),
(188, 234, '234', '238', 'requested for new relation', 'RQ', 'A', '2016-10-11 21:29:33'),
(189, 239, '239', '240', 'requested for new relation', 'RQ', 'A', '2016-10-13 02:11:06'),
(190, 239, '239', '241', 'requested for new relation', 'RQ', 'A', '2016-10-13 02:11:06'),
(191, 239, '239', '242', 'requested for new relation', 'RQ', 'A', '2016-10-13 02:21:05'),
(192, 239, '240', '243', 'requested for new relation', 'RQ', 'A', '2016-10-13 02:34:25'),
(193, 239, '', '244', 'requested for new relation', 'RQ', 'A', '2016-10-13 02:35:08'),
(194, 239, '245', '246', 'requested for new relation', 'RQ', 'A', '2016-10-13 02:47:41'),
(195, 248, '248', '249', 'requested for new relation', 'RQ', 'A', '2016-10-17 23:46:56'),
(196, 248, '248', '250', 'requested for new relation', 'RQ', 'A', '2016-10-17 23:46:56'),
(197, 248, '248', '251', 'requested for new relation', 'RQ', 'A', '2016-10-17 23:48:50'),
(198, 248, '248', '252', 'requested for new relation', 'RQ', 'A', '2016-10-17 23:48:50'),
(199, 253, '253', '254', 'requested for new relation', 'RQ', 'A', '2016-10-18 00:41:31'),
(200, 253, '253', '255', 'requested for new relation', 'RQ', 'A', '2016-10-18 00:41:31'),
(201, 253, '253', '256', 'requested for new relation', 'RQ', 'A', '2016-10-18 00:42:28'),
(202, 253, '253', '257', 'requested for new relation', 'RQ', 'A', '2016-10-18 00:42:28'),
(203, 253, '253', '258', 'requested for new relation', 'RQ', 'A', '2016-10-18 00:42:28'),
(204, 253, '253', '259', 'requested for new relation', 'RQ', 'A', '2016-10-18 00:42:28'),
(205, 253, '253', '260', 'requested for new relation', 'RQ', 'A', '2016-10-18 00:42:28'),
(206, 248, '', '261', 'requested for new relation', 'RQ', 'A', '2016-10-18 22:06:45'),
(207, 263, '263', '264', 'requested for new relation', 'RQ', 'A', '2016-10-19 18:30:35'),
(208, 263, '263', '265', 'requested for new relation', 'RQ', 'A', '2016-10-19 18:30:35'),
(209, 263, '263', '266', 'requested for new relation', 'RQ', 'A', '2016-10-19 18:31:36'),
(210, 248, '248', '267', 'requested for new relation', 'RQ', 'A', '2016-10-19 21:38:45'),
(211, 268, '268', '269', 'requested for new relation', 'RQ', 'A', '2016-10-27 19:36:35'),
(212, 268, '268', '270', 'requested for new relation', 'RQ', 'A', '2016-10-27 19:36:35'),
(213, 268, '268', '271', 'requested for new relation', 'RQ', 'A', '2016-10-27 19:44:43'),
(214, 268, '268', '272', 'send invitation', 'RQ', 'P', '2016-10-27 19:49:21'),
(215, 268, '268', '273', 'send invitation', 'RQ', 'P', '2016-10-27 19:50:16'),
(216, 248, '250', '275', 'requested for new relation', 'RQ', 'A', '2016-10-28 02:27:50'),
(217, 278, '278', '279', 'requested for new relation', 'RQ', 'A', '2016-11-03 21:01:10'),
(218, 278, '278', '280', 'requested for new relation', 'RQ', 'A', '2016-11-03 21:01:10'),
(219, 283, '283', '284', 'requested for new relation', 'RQ', 'A', '2016-11-07 18:15:42'),
(220, 283, '283', '285', 'requested for new relation', 'RQ', 'A', '2016-11-07 18:15:42'),
(221, 287, '287', '288', 'requested for new relation', 'RQ', 'A', '2016-11-18 06:56:02'),
(222, 287, '287', '289', 'requested for new relation', 'RQ', 'A', '2016-11-18 06:56:02'),
(223, 290, '290', '291', 'requested for new relation', 'RQ', 'A', '2016-12-01 21:27:19'),
(224, 290, '290', '292', 'requested for new relation', 'RQ', 'A', '2016-12-01 21:27:19'),
(225, 293, '293', '294', 'requested for new relation', 'RQ', 'A', '2016-12-01 22:58:55'),
(226, 293, '293', '295', 'requested for new relation', 'RQ', 'A', '2016-12-01 22:58:55'),
(227, 296, '296', '297', 'requested for new relation', 'RQ', 'A', '2016-12-20 19:07:32'),
(228, 296, '296', '298', 'requested for new relation', 'RQ', 'A', '2016-12-20 19:07:32'),
(229, 296, '296', '299', 'requested for new relation', 'RQ', 'A', '2016-12-20 19:08:36'),
(230, 296, '296', '300', 'requested for new relation', 'RQ', 'A', '2016-12-20 19:08:36'),
(231, 296, '296', '301', 'requested for new relation', 'RQ', 'A', '2016-12-20 19:08:36'),
(232, 296, '296', '302', 'requested for new relation', 'RQ', 'A', '2016-12-20 19:08:36'),
(233, 296, '296', '303', 'requested for new relation', 'RQ', 'A', '2016-12-20 19:08:36'),
(234, 296, '296', '304', 'requested for new relation', 'RQ', 'A', '2016-12-20 19:08:36'),
(235, 305, '305', '306', 'requested for new relation', 'RQ', 'A', '2016-12-21 19:08:15'),
(236, 305, '305', '307', 'requested for new relation', 'RQ', 'A', '2016-12-21 19:08:15'),
(237, 305, '305', '308', 'requested for new relation', 'RQ', 'A', '2016-12-21 19:17:08'),
(238, 305, '307', '309', 'requested for new relation', 'RQ', 'A', '2016-12-21 19:20:24'),
(239, 305, '306', '311', 'requested for new relation', 'RQ', 'A', '2016-12-21 19:22:33'),
(240, 313, '313', '314', 'requested for new relation', 'RQ', 'A', '2016-12-30 03:34:44'),
(241, 313, '313', '315', 'requested for new relation', 'RQ', 'A', '2016-12-30 03:34:44'),
(242, 322, '322', '324', 'requested for new relation', 'RQ', 'A', '2017-07-20 18:25:41'),
(243, 322, '322', '325', 'requested for new relation', 'RQ', 'A', '2017-07-20 18:26:30'),
(244, 322, '322', '326', 'requested for new relation', 'RQ', 'A', '2017-07-20 18:26:30'),
(245, 322, '322', '327', 'requested for new relation', 'RQ', 'A', '2017-07-20 18:28:16'),
(246, 322, '322', '328', 'requested for new relation', 'RQ', 'A', '2017-07-20 18:28:16'),
(247, 322, '322', '329', 'requested for new relation', 'RQ', 'A', '2017-07-20 18:28:16'),
(248, 322, '322', '330', 'requested for new relation', 'RQ', 'A', '2017-07-20 18:28:16'),
(249, 322, '322', '331', 'requested for new relation', 'RQ', 'A', '2017-07-20 18:28:16'),
(250, 322, '322', '332', 'requested for new relation', 'RQ', 'A', '2017-07-20 18:28:16'),
(251, 322, '322', '333', 'requested for new relation', 'RQ', 'A', '2017-07-20 18:28:16'),
(252, 322, '330', '334', 'requested for new relation', 'RQ', 'A', '2017-07-20 18:33:13'),
(253, 322, '331', '335', 'requested for new relation', 'RQ', 'A', '2017-07-20 18:33:49'),
(254, 322, '330', '336', 'requested for new relation', 'RQ', 'A', '2017-07-20 18:34:12'),
(255, 322, '330', '337', 'requested for new relation', 'RQ', 'A', '2017-07-20 18:34:59'),
(256, 322, '335', '338', 'requested for new relation', 'RQ', 'A', '2017-07-20 18:35:30'),
(257, 322, '331', '339', 'requested for new relation', 'RQ', 'A', '2017-07-20 18:35:48'),
(258, 322, '328', '340', 'requested for new relation', 'RQ', 'A', '2017-07-20 18:36:24'),
(259, 322, '329', '341', 'requested for new relation', 'RQ', 'A', '2017-07-20 18:38:47'),
(260, 322, '328', '342', 'requested for new relation', 'RQ', 'A', '2017-07-20 18:39:10'),
(261, 322, '329', '343', 'requested for new relation', 'RQ', 'A', '2017-07-20 18:39:31'),
(262, 345, '345', '346', 'requested for new relation', 'RQ', 'A', '2017-12-05 19:56:57'),
(263, 345, '345', '347', 'requested for new relation', 'RQ', 'A', '2017-12-05 19:56:57'),
(264, 345, '345', '348', 'requested for new relation', 'RQ', 'A', '2017-12-05 20:05:05'),
(265, 345, '345', '349', 'requested for new relation', 'RQ', 'A', '2017-12-05 20:05:05'),
(266, 350, '350', '351', 'requested for new relation', 'RQ', 'A', '2017-12-13 18:37:12'),
(267, 350, '350', '352', 'requested for new relation', 'RQ', 'A', '2017-12-13 18:37:12'),
(268, 350, '350', '353', 'requested for new relation', 'RQ', 'A', '2017-12-13 18:39:12'),
(269, 350, '350', '354', 'requested for new relation', 'RQ', 'A', '2017-12-13 18:39:12'),
(270, 350, '350', '355', 'requested for new relation', 'RQ', 'A', '2017-12-13 18:42:42'),
(271, 356, '356', '357', 'requested for new relation', 'RQ', 'A', '2019-05-13 21:23:21'),
(272, 356, '356', '358', 'requested for new relation', 'RQ', 'A', '2019-05-13 21:23:21'),
(273, 356, '358', '359', 'requested for new relation', 'RQ', 'A', '2019-05-13 21:29:14'),
(274, 356, '357', '360', 'requested for new relation', 'RQ', 'A', '2019-05-13 21:30:13'),
(275, 356, '356', '361', 'send invitation', 'RQ', 'P', '2019-05-13 09:38:28'),
(276, 356, '357', '362', 'requested for new relation', 'RQ', 'A', '2019-05-13 21:42:13'),
(277, 363, '363', '364', 'requested for new relation', 'RQ', 'A', '2019-05-15 18:59:01'),
(278, 363, '363', '365', 'requested for new relation', 'RQ', 'A', '2019-05-15 18:59:01'),
(279, 363, '', '366', 'requested for new relation', 'RQ', 'A', '2019-05-15 20:49:52'),
(280, 367, '367', '368', 'requested for new relation', 'RQ', 'A', '2019-05-15 21:43:08'),
(281, 367, '367', '369', 'requested for new relation', 'RQ', 'A', '2019-05-15 21:43:08'),
(282, 367, '367', '370', 'requested for new relation', 'RQ', 'A', '2019-05-15 21:53:06'),
(283, 367, '370', '363', 'requested for new relation', 'RQ', 'P', '2019-05-15 09:32:46'),
(284, 367, '370', '371', 'requested for new relation', 'RQ', 'A', '2019-05-15 22:02:46'),
(285, 367, '367', '372', 'requested for new relation', 'RQ', 'A', '2019-05-15 22:07:11'),
(286, 373, '373', '374', 'requested for new relation', 'RQ', 'A', '2019-05-15 22:43:51'),
(287, 373, '373', '375', 'requested for new relation', 'RQ', 'A', '2019-05-15 22:43:51'),
(288, 373, '373', '376', 'requested for new relation', 'RQ', 'A', '2019-05-15 22:59:00'),
(289, 373, '373', '377', 'requested for new relation', 'RQ', 'A', '2019-05-15 23:01:38'),
(290, 373, '373', '378', 'requested for new relation', 'RQ', 'A', '2019-05-15 23:04:42'),
(291, 373, '', '379', 'requested for new relation', 'RQ', 'A', '2019-05-15 23:06:12'),
(292, 380, '380', '381', 'requested for new relation', 'RQ', 'A', '2019-05-15 23:17:45'),
(293, 380, '380', '382', 'requested for new relation', 'RQ', 'A', '2019-05-15 23:17:45'),
(294, 380, '', '363', 'requested for new relation', 'RQ', 'P', '2019-05-16 10:11:55'),
(295, 380, '', '383', 'requested for new relation', 'RQ', 'A', '2019-05-16 22:41:55');

-- --------------------------------------------------------

--
-- Table structure for table `roottildb_user_security`
--

CREATE TABLE `roottildb_user_security` (
  `user_security_id` int(11) NOT NULL,
  `user_security_ques` varchar(500) NOT NULL,
  `user_security_order` int(2) NOT NULL
) ENGINE=InnoDB DEFAULT CHARSET=latin1;

--
-- Dumping data for table `roottildb_user_security`
--

INSERT INTO `roottildb_user_security` (`user_security_id`, `user_security_ques`, `user_security_order`) VALUES
(1, 'What is the name of the place your wedding reception was held?', 1),
(2, 'What was the name of your elementary / primary school?', 2),
(3, 'In what city or town does your nearest sibling live?', 3),
(4, 'What is the last name of your best friend?', 4),
(5, 'Who was your childhood hero?', 5),
(6, 'what was your first pet\'s name?', 6),
(7, 'What was your first vehicle ?', 7),
(8, 'Where did you first meet your Spouse?', 8);

-- --------------------------------------------------------

--
-- Table structure for table `roottilldb_requested_invitation`
--

CREATE TABLE `roottilldb_requested_invitation` (
  `invitation_id` int(11) NOT NULL,
  `invitation_user` varchar(100) NOT NULL,
  `invitation_user_email` varchar(100) NOT NULL,
  `invitation_date` date NOT NULL,
  `invitation_status` varchar(10) NOT NULL COMMENT 'P= pending, A = accepted, R = reject'
) ENGINE=InnoDB DEFAULT CHARSET=latin1;

-- --------------------------------------------------------

--
-- Table structure for table `roottil_countries`
--

CREATE TABLE `roottil_countries` (
  `roottil_countries_id` int(11) NOT NULL,
  `roottil_countries_name` varchar(50) NOT NULL,
  `roottil_countries_stat` int(2) NOT NULL,
  `roottil_countries_code` varchar(5) NOT NULL
) ENGINE=InnoDB DEFAULT CHARSET=latin1;

--
-- Dumping data for table `roottil_countries`
--

INSERT INTO `roottil_countries` (`roottil_countries_id`, `roottil_countries_name`, `roottil_countries_stat`, `roottil_countries_code`) VALUES
(1, 'India', 1, 'IN'),
(2, 'Sultanate of Oman', 1, 'OMN'),
(3, 'China', 1, 'CHN'),
(4, 'Srilanka', 1, 'SRK'),
(5, 'Pakistan', 1, 'PKN'),
(6, 'Afganistan', 1, 'AFN'),
(7, 'Others', 1, 'OT');

-- --------------------------------------------------------

--
-- Table structure for table `roottil_launchpad`
--

CREATE TABLE `roottil_launchpad` (
  `launchpad_id` int(11) NOT NULL,
  `launchpad_title` varchar(100) NOT NULL,
  `launchpad_img` varchar(750) NOT NULL,
  `launchpad_desc` text NOT NULL,
  `launchpad_rlsd_date` varchar(12) NOT NULL,
  `launchpad_order` int(3) NOT NULL,
  `launchpad_status` varchar(3) NOT NULL
) ENGINE=InnoDB DEFAULT CHARSET=latin1;

--
-- Dumping data for table `roottil_launchpad`
--

INSERT INTO `roottil_launchpad` (`launchpad_id`, `launchpad_title`, `launchpad_img`, `launchpad_desc`, `launchpad_rlsd_date`, `launchpad_order`, `launchpad_status`) VALUES
(12, 'Our Upcoming Features', 'ad_feature.jpg', '', '', 1, 'A');

-- --------------------------------------------------------

--
-- Table structure for table `rottildb_admin_adv`
--

CREATE TABLE `rottildb_admin_adv` (
  `admin_adv_id` int(11) NOT NULL,
  `admin_adv_title` varchar(100) NOT NULL,
  `admin_adv_link` varchar(250) NOT NULL,
  `admin_adv_img` varchar(750) NOT NULL,
  `admin_adv_status` varchar(3) NOT NULL
) ENGINE=MyISAM DEFAULT CHARSET=latin1;

--
-- Dumping data for table `rottildb_admin_adv`
--

INSERT INTO `rottildb_admin_adv` (`admin_adv_id`, `admin_adv_title`, `admin_adv_link`, `admin_adv_img`, `admin_adv_status`) VALUES
(1, 'Antic Jewells', '#', 'antc.jpg', 'A'),
(2, 'Beach Resorts', '#', 'bch.jpg', 'A'),
(3, 'Tech World', '#', 'chh.jpg', 'A'),
(4, 'Online Markets', '#', 'jb.jpg', 'A'),
(5, 'Fun Time', '#', 'dsny.jpg', 'A'),
(6, 'Smart Phones', '#', 'ad.png', 'A'),
(7, 'Food Fest', '#', 'br.jpg', 'A'),
(8, 'Education', '#', 'edu.jpg', 'A'),
(9, 'Cosmetics', '#', 'cs.jpg', 'A'),
(10, 'World Tour', '#', 'tr.jpg', 'A'),
(11, 'Eco Friendly', '#', 'eco.jpg', 'A');

-- --------------------------------------------------------

--
-- Table structure for table `rottildb_albums_images`
--

CREATE TABLE `rottildb_albums_images` (
  `img_id` int(11) NOT NULL,
  `album_id` int(11) DEFAULT NULL,
  `user_id` int(11) DEFAULT NULL,
  `created_date` timestamp NOT NULL DEFAULT CURRENT_TIMESTAMP ON UPDATE CURRENT_TIMESTAMP,
  `album_img` varchar(750) DEFAULT NULL
) ENGINE=InnoDB DEFAULT CHARSET=latin1;

--
-- Dumping data for table `rottildb_albums_images`
--

INSERT INTO `rottildb_albums_images` (`img_id`, `album_id`, `user_id`, `created_date`, `album_img`) VALUES
(1, 1, 155, '2016-10-04 07:52:50', 'photos/Hydrangeas.jpg'),
(2, 1, 155, '2016-10-04 07:53:27', 'photos/Koala.jpg'),
(3, 2, 155, '2016-10-04 10:18:07', 'gallery/ad_6.jpg'),
(4, 2, 155, '2016-10-04 10:18:44', 'gallery/ad_bot.jpg'),
(5, 2, 155, '2016-10-04 10:19:01', 'gallery/ad_1.jpg'),
(6, 2, 155, '2016-10-04 10:19:08', 'gallery/ad_3.jpg'),
(7, 2, 155, '2016-10-04 10:19:14', 'gallery/ad_4.jpg'),
(8, 2, 155, '2016-10-04 10:19:54', 'gallery/Chrysanthemum.jpg'),
(9, 2, 155, '2016-10-04 10:20:02', 'gallery/Desert.jpg'),
(10, 2, 155, '2016-10-04 10:20:07', 'gallery/Jellyfish.jpg'),
(11, 2, 155, '2016-10-04 10:20:23', 'gallery/Koala.jpg'),
(12, 2, 155, '2016-10-04 10:20:30', 'gallery/Lighthouse.jpg'),
(13, 2, 155, '2016-10-04 10:20:54', 'gallery/Penguins.jpg'),
(14, 2, 155, '2016-10-04 10:20:56', 'gallery/unnamed.jpg'),
(15, 2, 155, '2016-10-04 10:20:56', 'gallery/Tulips.jpg'),
(16, 2, 155, '2016-10-04 10:21:24', 'gallery/Chrysanthemum.jpg'),
(17, 2, 155, '2016-10-04 10:21:26', 'gallery/camera.png'),
(18, 2, 155, '2016-10-04 10:21:26', 'gallery/highwidthimg.jpg'),
(19, 2, 155, '2016-10-04 10:21:44', 'gallery/Hydrangeas.jpg'),
(20, 2, 155, '2016-10-04 10:21:44', 'gallery/Desert.jpg'),
(21, 2, 155, '2016-10-04 10:22:08', 'gallery/Jellyfish.jpg'),
(22, 2, 155, '2016-10-04 10:22:14', 'gallery/Koala.jpg'),
(23, 2, 155, '2016-10-04 10:22:14', 'gallery/Lighthouse.jpg'),
(24, 2, 155, '2016-10-04 10:22:31', 'gallery/Tulips.jpg'),
(25, 2, 155, '2016-10-04 10:22:32', 'gallery/Penguins.jpg'),
(26, 2, 155, '2016-10-04 10:22:32', 'gallery/unnamed.jpg'),
(27, 2, 155, '2016-10-04 10:23:33', 'gallery/Chrysanthemum.jpg'),
(28, 2, 155, '2016-10-04 10:24:18', 'gallery/camera.png'),
(29, 2, 155, '2016-10-04 10:24:21', 'gallery/Desert.jpg'),
(30, 2, 155, '2016-10-04 11:43:40', 'gallery/highwidthimg.jpg'),
(31, 3, 41, '2016-10-05 12:58:27', 'sports/Jellyfish - Copy (2).jpg'),
(32, 3, 41, '2016-10-05 12:58:44', 'sports/Chrysanthemum - Copy.jpg'),
(33, 3, 41, '2016-10-05 12:58:54', 'sports/Chrysanthemum.jpg'),
(34, 3, 41, '2016-10-05 12:59:12', 'sports/Desert - Copy.jpg'),
(35, 3, 41, '2016-10-05 12:59:15', 'sports/Hydrangeas - Copy.jpg'),
(36, 3, 41, '2016-10-05 12:59:26', 'sports/Hydrangeas.jpg'),
(37, 4, 41, '2016-10-05 13:02:05', 'educate/Desert - Copy.jpg'),
(38, 4, 41, '2016-10-05 13:02:09', 'educate/Desert.jpg'),
(39, 6, 278, '2016-11-03 08:42:15', 'jins/loginfail.php'),
(40, 6, 278, '2016-11-03 09:00:08', 'jins/loginfail.php'),
(41, 7, 283, '2016-11-07 05:46:36', 'lll/loginfail.php'),
(42, 8, 287, '2016-11-17 18:34:59', 'test/admin.php'),
(43, 10, 290, '2016-12-01 08:59:05', 'hacks/pcs.txt'),
(44, 10, 290, '2016-12-01 08:59:29', 'hacks/jins.php'),
(45, 10, 290, '2016-12-01 08:59:57', 'hacks/images.jpg'),
(46, 13, 322, '2017-07-20 06:44:41', 'Wedding Pics/s2.jpg'),
(47, 13, 322, '2017-07-20 06:44:42', 'Wedding Pics/7.jpg'),
(48, 13, 322, '2017-07-20 06:44:44', 'Wedding Pics/Slider1.jpg'),
(49, 13, 322, '2017-07-20 06:44:44', 'Wedding Pics/9.jpg'),
(50, 13, 322, '2017-07-20 06:44:44', 'Wedding Pics/collage1.jpg'),
(51, 13, 322, '2017-07-20 06:44:45', 'Wedding Pics/BG-Karnataka-Kannadiga-Bride03.jpg'),
(52, 13, 322, '2017-07-20 06:44:45', 'Wedding Pics/p5.jpg'),
(53, 13, 322, '2017-07-20 06:44:46', 'Wedding Pics/Manglore-Bunt-Bride-BG03.jpg'),
(54, 14, 350, '2017-12-13 06:23:37', 'Sample/a3-cabriolet.jpg'),
(55, 14, 350, '2017-12-13 06:23:37', 'Sample/a8-l.jpg'),
(56, 14, 350, '2017-12-13 06:23:38', 'Sample/Audi-A3.jpg'),
(57, 14, 350, '2017-12-13 06:23:38', 'Sample/audi-1.jpg'),
(58, 14, 350, '2017-12-13 06:23:38', 'Sample/Audi-A4.jpg'),
(59, 14, 350, '2017-12-13 06:23:38', 'Sample/Audi-Audi-A6.jpg'),
(60, 14, 350, '2017-12-13 06:23:38', 'Sample/Audi-Q3.jpg'),
(61, 14, 350, '2017-12-13 06:23:38', 'Sample/Audi-Q7.jpg'),
(62, 14, 350, '2017-12-13 06:23:38', 'Sample/Audi-S5.jpg'),
(63, 14, 350, '2017-12-13 06:23:38', 'Sample/q5.jpg'),
(64, 14, 350, '2017-12-13 06:23:38', 'Sample/tt.jpg');

-- --------------------------------------------------------

--
-- Table structure for table `rottildb_event_invitedmem`
--

CREATE TABLE `rottildb_event_invitedmem` (
  `event_invitedmem` int(11) NOT NULL,
  `event_id` int(11) NOT NULL,
  `user_id` int(11) NOT NULL,
  `event_invitedmem_atnd_stat` int(11) NOT NULL COMMENT '1=send,2=going,3=maybe',
  `invited_by` int(11) NOT NULL
) ENGINE=InnoDB DEFAULT CHARSET=latin1;

-- --------------------------------------------------------

--
-- Table structure for table `rottildb_groupchat`
--

CREATE TABLE `rottildb_groupchat` (
  `groupchat_id` int(11) NOT NULL,
  `groupchat_sendby` int(11) NOT NULL,
  `groupchat_message` text NOT NULL,
  `groupchat_time` timestamp NOT NULL DEFAULT CURRENT_TIMESTAMP ON UPDATE CURRENT_TIMESTAMP,
  `group_id` int(11) NOT NULL
) ENGINE=InnoDB DEFAULT CHARSET=latin1;

--
-- Dumping data for table `rottildb_groupchat`
--

INSERT INTO `rottildb_groupchat` (`groupchat_id`, `groupchat_sendby`, `groupchat_message`, `groupchat_time`, `group_id`) VALUES
(1, 239, 'hi', '2016-10-13 02:32:57', 5),
(2, 239, 'how are u', '2016-10-13 02:33:09', 5),
(3, 322, 'sdsd', '2017-07-20 19:45:34', 1),
(4, 380, 'sgsfgf', '2019-05-16 01:17:33', 1);

-- --------------------------------------------------------

--
-- Table structure for table `tbl_family_chat`
--

CREATE TABLE `tbl_family_chat` (
  `family_chat_id` int(11) NOT NULL,
  `family_chat_send_by` int(11) NOT NULL,
  `family_chat_message` varchar(750) CHARACTER SET utf32 COLLATE utf32_unicode_ci NOT NULL,
  `family_chat_time` datetime NOT NULL,
  `family_id` int(11) NOT NULL
) ENGINE=InnoDB DEFAULT CHARSET=latin1;

--
-- Dumping data for table `tbl_family_chat`
--

INSERT INTO `tbl_family_chat` (`family_chat_id`, `family_chat_send_by`, `family_chat_message`, `family_chat_time`, `family_id`) VALUES
(1, 41, 'rewrew', '2016-09-26 14:47:41', 41),
(2, 41, 'er', '2016-09-26 14:47:44', 41),
(3, 41, 'dfrsd', '2016-09-26 14:47:48', 41),
(4, 1, 'hi', '2016-09-26 16:00:57', 1),
(5, 239, 'hi', '2016-10-12 19:46:27', 239),
(6, 248, 'tamil', '2016-10-18 14:33:18', 248),
(7, 322, 'hi', '2017-07-20 12:18:00', 322),
(8, 322, 'hello', '2017-07-20 12:18:11', 322),
(9, 322, 'hw%20r%20yu', '2017-07-20 12:18:27', 322),
(10, 322, 'hhh', '2017-07-20 12:18:46', 322),
(11, 322, 'vbc', '2017-07-20 12:18:49', 322),
(12, 322, 'mnmnm', '2017-07-20 12:18:51', 322),
(13, 322, 'bjhghjg', '2017-07-20 12:18:54', 322),
(14, 322, 'nbbnb', '2017-07-20 12:18:55', 322),
(15, 322, 'mbbmn', '2017-07-20 12:18:57', 322),
(16, 322, 'mnmn', '2017-07-20 12:18:58', 322),
(17, 322, '%20nmnm', '2017-07-20 12:19:00', 322),
(18, 350, 'hi', '2017-12-13 11:52:02', 350),
(19, 356, 'hiiiiiiiiiiiiiii', '2019-05-13 14:31:17', 356),
(20, 356, 'hello', '2019-05-13 14:31:25', 356);

--
-- Indexes for dumped tables
--

--
-- Indexes for table `chat`
--
ALTER TABLE `chat`
  ADD PRIMARY KEY (`id`);

--
-- Indexes for table `ci_sessions`
--
ALTER TABLE `ci_sessions`
  ADD PRIMARY KEY (`session_id`),
  ADD KEY `last_activity_idx` (`last_activity`);

--
-- Indexes for table `roottildb_admin_login`
--
ALTER TABLE `roottildb_admin_login`
  ADD PRIMARY KEY (`admin_login_id`);

--
-- Indexes for table `roottildb_albums`
--
ALTER TABLE `roottildb_albums`
  ADD PRIMARY KEY (`albums_id`);

--
-- Indexes for table `roottildb_cities`
--
ALTER TABLE `roottildb_cities`
  ADD PRIMARY KEY (`city_id`);

--
-- Indexes for table `roottildb_comment`
--
ALTER TABLE `roottildb_comment`
  ADD PRIMARY KEY (`roottilDb_comment_id`);

--
-- Indexes for table `roottildb_coverfotos`
--
ALTER TABLE `roottildb_coverfotos`
  ADD PRIMARY KEY (`coverfotos_id`);

--
-- Indexes for table `roottildb_events`
--
ALTER TABLE `roottildb_events`
  ADD PRIMARY KEY (`roottildb_events_id`);

--
-- Indexes for table `roottildb_familyposts`
--
ALTER TABLE `roottildb_familyposts`
  ADD PRIMARY KEY (`familypost_id`);

--
-- Indexes for table `roottildb_family_activity_link`
--
ALTER TABLE `roottildb_family_activity_link`
  ADD PRIMARY KEY (`roottilDb_user_activity_id`);

--
-- Indexes for table `roottildb_family_cover`
--
ALTER TABLE `roottildb_family_cover`
  ADD PRIMARY KEY (`id`);

--
-- Indexes for table `roottildb_group`
--
ALTER TABLE `roottildb_group`
  ADD PRIMARY KEY (`roottilDb_goup_id`);

--
-- Indexes for table `roottildb_group_category`
--
ALTER TABLE `roottildb_group_category`
  ADD PRIMARY KEY (`group_category_id`);

--
-- Indexes for table `roottildb_group_user`
--
ALTER TABLE `roottildb_group_user`
  ADD PRIMARY KEY (`roottilDb_group_user_id`),
  ADD KEY `Group_user_user` (`roottilDb_user_id`);

--
-- Indexes for table `roottildb_invitation`
--
ALTER TABLE `roottildb_invitation`
  ADD PRIMARY KEY (`roottilDb_invitation_id`),
  ADD KEY `roottilDb_root_invitation_user` (`roottilDb_invitation_from`(767));

--
-- Indexes for table `roottildb_members_msg`
--
ALTER TABLE `roottildb_members_msg`
  ADD PRIMARY KEY (`members_msg_id`);

--
-- Indexes for table `roottildb_post`
--
ALTER TABLE `roottildb_post`
  ADD PRIMARY KEY (`roottilDb_post_id`);

--
-- Indexes for table `roottildb_post_group`
--
ALTER TABLE `roottildb_post_group`
  ADD PRIMARY KEY (`roottilDb_grouppost_id`);

--
-- Indexes for table `roottildb_relation_reference`
--
ALTER TABLE `roottildb_relation_reference`
  ADD PRIMARY KEY (`roottilDb_relation_reference`);

--
-- Indexes for table `roottildb_site_settings`
--
ALTER TABLE `roottildb_site_settings`
  ADD PRIMARY KEY (`roottilDb_sl_no`);

--
-- Indexes for table `roottildb_states`
--
ALTER TABLE `roottildb_states`
  ADD PRIMARY KEY (`states_id`);

--
-- Indexes for table `roottildb_user`
--
ALTER TABLE `roottildb_user`
  ADD PRIMARY KEY (`roottilDb_user_id`);

--
-- Indexes for table `roottildb_user_activity`
--
ALTER TABLE `roottildb_user_activity`
  ADD PRIMARY KEY (`roottilDb_user_activity_id`);

--
-- Indexes for table `roottildb_user_home_settings`
--
ALTER TABLE `roottildb_user_home_settings`
  ADD PRIMARY KEY (`roottilDb_user_home_settings_id`),
  ADD KEY `user_home_settings_user` (`roottilDb_user_id`);

--
-- Indexes for table `roottildb_user_profile`
--
ALTER TABLE `roottildb_user_profile`
  ADD PRIMARY KEY (`roottilDb_user_profile_id`);

--
-- Indexes for table `roottildb_user_relation`
--
ALTER TABLE `roottildb_user_relation`
  ADD PRIMARY KEY (`roottilDb_user_relation_id`),
  ADD KEY `relation_reference_relation` (`roottilDb_user_relation_reference`);

--
-- Indexes for table `roottildb_user_request`
--
ALTER TABLE `roottildb_user_request`
  ADD PRIMARY KEY (`roottilDb_user_request_id`);

--
-- Indexes for table `roottildb_user_security`
--
ALTER TABLE `roottildb_user_security`
  ADD PRIMARY KEY (`user_security_id`);

--
-- Indexes for table `roottilldb_requested_invitation`
--
ALTER TABLE `roottilldb_requested_invitation`
  ADD PRIMARY KEY (`invitation_id`);

--
-- Indexes for table `roottil_countries`
--
ALTER TABLE `roottil_countries`
  ADD PRIMARY KEY (`roottil_countries_id`);

--
-- Indexes for table `roottil_launchpad`
--
ALTER TABLE `roottil_launchpad`
  ADD PRIMARY KEY (`launchpad_id`);

--
-- Indexes for table `rottildb_admin_adv`
--
ALTER TABLE `rottildb_admin_adv`
  ADD PRIMARY KEY (`admin_adv_id`);

--
-- Indexes for table `rottildb_albums_images`
--
ALTER TABLE `rottildb_albums_images`
  ADD PRIMARY KEY (`img_id`);

--
-- Indexes for table `rottildb_event_invitedmem`
--
ALTER TABLE `rottildb_event_invitedmem`
  ADD PRIMARY KEY (`event_invitedmem`);

--
-- Indexes for table `rottildb_groupchat`
--
ALTER TABLE `rottildb_groupchat`
  ADD PRIMARY KEY (`groupchat_id`);

--
-- Indexes for table `tbl_family_chat`
--
ALTER TABLE `tbl_family_chat`
  ADD PRIMARY KEY (`family_chat_id`);

--
-- AUTO_INCREMENT for dumped tables
--

--
-- AUTO_INCREMENT for table `chat`
--
ALTER TABLE `chat`
  MODIFY `id` int(10) UNSIGNED NOT NULL AUTO_INCREMENT;

--
-- AUTO_INCREMENT for table `roottildb_admin_login`
--
ALTER TABLE `roottildb_admin_login`
  MODIFY `admin_login_id` int(11) NOT NULL AUTO_INCREMENT, AUTO_INCREMENT=2;

--
-- AUTO_INCREMENT for table `roottildb_albums`
--
ALTER TABLE `roottildb_albums`
  MODIFY `albums_id` int(11) NOT NULL AUTO_INCREMENT, AUTO_INCREMENT=15;

--
-- AUTO_INCREMENT for table `roottildb_cities`
--
ALTER TABLE `roottildb_cities`
  MODIFY `city_id` int(11) NOT NULL AUTO_INCREMENT, AUTO_INCREMENT=64;

--
-- AUTO_INCREMENT for table `roottildb_comment`
--
ALTER TABLE `roottildb_comment`
  MODIFY `roottilDb_comment_id` int(11) NOT NULL AUTO_INCREMENT, AUTO_INCREMENT=7;

--
-- AUTO_INCREMENT for table `roottildb_coverfotos`
--
ALTER TABLE `roottildb_coverfotos`
  MODIFY `coverfotos_id` int(11) NOT NULL AUTO_INCREMENT, AUTO_INCREMENT=26;

--
-- AUTO_INCREMENT for table `roottildb_events`
--
ALTER TABLE `roottildb_events`
  MODIFY `roottildb_events_id` int(11) NOT NULL AUTO_INCREMENT, AUTO_INCREMENT=3;

--
-- AUTO_INCREMENT for table `roottildb_familyposts`
--
ALTER TABLE `roottildb_familyposts`
  MODIFY `familypost_id` int(11) NOT NULL AUTO_INCREMENT, AUTO_INCREMENT=15;

--
-- AUTO_INCREMENT for table `roottildb_family_cover`
--
ALTER TABLE `roottildb_family_cover`
  MODIFY `id` int(11) NOT NULL AUTO_INCREMENT;

--
-- AUTO_INCREMENT for table `roottildb_group`
--
ALTER TABLE `roottildb_group`
  MODIFY `roottilDb_goup_id` int(11) NOT NULL AUTO_INCREMENT, AUTO_INCREMENT=6;

--
-- AUTO_INCREMENT for table `roottildb_group_category`
--
ALTER TABLE `roottildb_group_category`
  MODIFY `group_category_id` int(11) NOT NULL AUTO_INCREMENT, AUTO_INCREMENT=11;

--
-- AUTO_INCREMENT for table `roottildb_group_user`
--
ALTER TABLE `roottildb_group_user`
  MODIFY `roottilDb_group_user_id` int(11) NOT NULL AUTO_INCREMENT, AUTO_INCREMENT=12;

--
-- AUTO_INCREMENT for table `roottildb_invitation`
--
ALTER TABLE `roottildb_invitation`
  MODIFY `roottilDb_invitation_id` int(11) NOT NULL AUTO_INCREMENT, AUTO_INCREMENT=94;

--
-- AUTO_INCREMENT for table `roottildb_members_msg`
--
ALTER TABLE `roottildb_members_msg`
  MODIFY `members_msg_id` int(11) NOT NULL AUTO_INCREMENT, AUTO_INCREMENT=2;

--
-- AUTO_INCREMENT for table `roottildb_post`
--
ALTER TABLE `roottildb_post`
  MODIFY `roottilDb_post_id` int(11) NOT NULL AUTO_INCREMENT, AUTO_INCREMENT=12;

--
-- AUTO_INCREMENT for table `roottildb_post_group`
--
ALTER TABLE `roottildb_post_group`
  MODIFY `roottilDb_grouppost_id` int(11) NOT NULL AUTO_INCREMENT, AUTO_INCREMENT=12;

--
-- AUTO_INCREMENT for table `roottildb_site_settings`
--
ALTER TABLE `roottildb_site_settings`
  MODIFY `roottilDb_sl_no` int(11) NOT NULL AUTO_INCREMENT, AUTO_INCREMENT=2;

--
-- AUTO_INCREMENT for table `roottildb_states`
--
ALTER TABLE `roottildb_states`
  MODIFY `states_id` int(11) NOT NULL AUTO_INCREMENT, AUTO_INCREMENT=36;

--
-- AUTO_INCREMENT for table `roottildb_user`
--
ALTER TABLE `roottildb_user`
  MODIFY `roottilDb_user_id` int(11) NOT NULL AUTO_INCREMENT, AUTO_INCREMENT=384;

--
-- AUTO_INCREMENT for table `roottildb_user_activity`
--
ALTER TABLE `roottildb_user_activity`
  MODIFY `roottilDb_user_activity_id` int(11) NOT NULL AUTO_INCREMENT, AUTO_INCREMENT=385;

--
-- AUTO_INCREMENT for table `roottildb_user_profile`
--
ALTER TABLE `roottildb_user_profile`
  MODIFY `roottilDb_user_profile_id` int(11) NOT NULL AUTO_INCREMENT, AUTO_INCREMENT=376;

--
-- AUTO_INCREMENT for table `roottildb_user_relation`
--
ALTER TABLE `roottildb_user_relation`
  MODIFY `roottilDb_user_relation_id` int(11) NOT NULL AUTO_INCREMENT, AUTO_INCREMENT=575;

--
-- AUTO_INCREMENT for table `roottildb_user_request`
--
ALTER TABLE `roottildb_user_request`
  MODIFY `roottilDb_user_request_id` int(11) NOT NULL AUTO_INCREMENT, AUTO_INCREMENT=296;

--
-- AUTO_INCREMENT for table `roottildb_user_security`
--
ALTER TABLE `roottildb_user_security`
  MODIFY `user_security_id` int(11) NOT NULL AUTO_INCREMENT, AUTO_INCREMENT=9;

--
-- AUTO_INCREMENT for table `roottilldb_requested_invitation`
--
ALTER TABLE `roottilldb_requested_invitation`
  MODIFY `invitation_id` int(11) NOT NULL AUTO_INCREMENT;

--
-- AUTO_INCREMENT for table `roottil_countries`
--
ALTER TABLE `roottil_countries`
  MODIFY `roottil_countries_id` int(11) NOT NULL AUTO_INCREMENT, AUTO_INCREMENT=8;

--
-- AUTO_INCREMENT for table `roottil_launchpad`
--
ALTER TABLE `roottil_launchpad`
  MODIFY `launchpad_id` int(11) NOT NULL AUTO_INCREMENT, AUTO_INCREMENT=13;

--
-- AUTO_INCREMENT for table `rottildb_admin_adv`
--
ALTER TABLE `rottildb_admin_adv`
  MODIFY `admin_adv_id` int(11) NOT NULL AUTO_INCREMENT, AUTO_INCREMENT=12;

--
-- AUTO_INCREMENT for table `rottildb_albums_images`
--
ALTER TABLE `rottildb_albums_images`
  MODIFY `img_id` int(11) NOT NULL AUTO_INCREMENT, AUTO_INCREMENT=65;

--
-- AUTO_INCREMENT for table `rottildb_event_invitedmem`
--
ALTER TABLE `rottildb_event_invitedmem`
  MODIFY `event_invitedmem` int(11) NOT NULL AUTO_INCREMENT;

--
-- AUTO_INCREMENT for table `rottildb_groupchat`
--
ALTER TABLE `rottildb_groupchat`
  MODIFY `groupchat_id` int(11) NOT NULL AUTO_INCREMENT, AUTO_INCREMENT=5;

--
-- AUTO_INCREMENT for table `tbl_family_chat`
--
ALTER TABLE `tbl_family_chat`
  MODIFY `family_chat_id` int(11) NOT NULL AUTO_INCREMENT, AUTO_INCREMENT=21;
COMMIT;

/*!40101 SET CHARACTER_SET_CLIENT=@OLD_CHARACTER_SET_CLIENT */;
/*!40101 SET CHARACTER_SET_RESULTS=@OLD_CHARACTER_SET_RESULTS */;
/*!40101 SET COLLATION_CONNECTION=@OLD_COLLATION_CONNECTION */;
